company_name,phone,email
"Howe, Howe and Zboncak",525-467-9061,ekilcoyne0@scientificamerican.com
Emard Group,338-951-6598,yheinrici1@weebly.com
Von Inc,102-140-2905,kdmitrievski2@ameblo.jp
"Hoppe, Boyle and Johns",476-757-6158,atreven3@ehow.com
Lueilwitz-Hyatt,459-648-4056,ssjostrom4@php.net
Jacobi Inc,563-132-2474,radamski5@gov.uk
"D'Amore, Stoltenberg and Kunde",894-290-3984,lzuann6@npr.org
"Moore, Aufderhar and Pouros",754-588-7821,fstrang7@slashdot.org
Lowe and Sons,277-740-5509,bfearnsides8@miitbeian.gov.cn
DuBuque-Schamberger,486-702-7751,erevan9@macromedia.com
Green LLC,281-354-2365,amacgormana@telegraph.co.uk
Anderson Inc,427-321-9830,olomasb@cornell.edu
Murphy LLC,602-260-0472,cdenzeyc@foxnews.com
Crona-Boyer,882-646-6765,dhobelld@zimbio.com
"Russel, Goldner and Kulas",270-932-0916,qklewie@netscape.com
Schultz-Hermann,308-803-7684,swinterbottomf@icq.com
Ryan-Prosacco,908-147-7750,dheyworthg@bigcartel.com
Corwin Inc,938-643-5267,scliffordh@furl.net
Christiansen-Adams,120-520-7266,araui@sciencedirect.com
Stoltenberg-Bashirian,844-988-9430,hjirakj@hexun.com
"Lynch, Heidenreich and Will",427-730-6676,brolphk@dagondesign.com
"Satterfield, Blick and Franecki",927-767-0910,pcottesfordl@ow.ly
Rice-Olson,617-127-9037,svasem@hubpages.com
Kunde and Sons,962-550-8419,karroln@bloomberg.com
Langworth-McKenzie,641-272-4762,estubbeo@comsenz.com
Grant LLC,229-473-2289,gbossonp@amazon.com
Wiegand Inc,348-906-1846,ddaalq@gizmodo.com
Langosh-Medhurst,330-867-5758,nkidmanr@weebly.com
Stamm Inc,457-320-1419,dmacallens@lulu.com
McGlynn LLC,383-814-3819,dkeelint@accuweather.com
"Hansen, Jast and Witting",768-716-3520,seffordu@hibu.com
"Schinner, Murazik and Ankunding",332-477-0476,ahovingtonv@t.co
Jacobi-King,626-975-2861,lridewoodw@omniture.com
"Rolfson, Crona and Langosh",189-347-7244,trapinettx@utexas.edu
Tromp-Glover,503-986-4340,tbeastally@harvard.edu
"Farrell, D'Amore and Rogahn",305-906-9642,jlawmanz@wikimedia.org
Wehner Group,920-265-0369,kjeeks10@biglobe.ne.jp
Konopelski-Aufderhar,588-485-4199,lquernel11@hexun.com
Rodriguez-Miller,799-426-0574,estapleford12@mysql.com
"Rippin, Trantow and Okuneva",534-700-1990,eofogarty13@abc.net.au
"Gerhold, Kovacek and Predovic",375-421-2790,jferonet14@behance.net
Corwin-Hyatt,244-876-9709,smuskett15@accuweather.com
Ebert-Shanahan,769-176-5292,drayson16@issuu.com
Johnson Inc,790-762-8573,mgarfirth17@pbs.org
Donnelly and Sons,837-923-6531,anorrington18@linkedin.com
Kub Group,567-569-4810,iseargeant19@businessinsider.com
"Abernathy, Witting and Rau",689-904-6758,gkorneichik1a@ucla.edu
Grimes Inc,179-905-2410,rgarrity1b@washingtonpost.com
Williamson LLC,241-856-1831,tterrington1c@nationalgeographic.com
"Nikolaus, Beier and Ullrich",515-734-1421,kguilloton1d@fda.gov
Rolfson-Balistreri,716-223-4747,vtwelvetrees1e@gnu.org
Nikolaus Inc,201-551-7175,lkhilkov1f@japanpost.jp
Beier-Mante,663-606-5741,mmathevon1g@fema.gov
"Barrows, Lemke and Denesik",820-932-7282,kdelacote1h@istockphoto.com
"Stroman, Bins and Thiel",727-922-0932,pkydd1i@cargocollective.com
"Leuschke, Heathcote and Kuhlman",106-888-0932,cvedikhov1j@php.net
Grant-Runte,899-892-6480,rconsadine1k@is.gd
"Effertz, Okuneva and Wyman",226-218-8292,ewaistall1l@phoca.cz
Bode-Klein,614-857-1406,hwaugh1m@hibu.com
Kuhn Inc,578-264-0295,womrod1n@scribd.com
"Lockman, Ledner and Lueilwitz",477-338-9919,cwank1o@people.com.cn
Friesen-Dickens,565-194-0192,bdabs1p@businesswire.com
Ruecker-Parker,941-636-2708,gennals1q@exblog.jp
Jaskolski Inc,928-751-7850,lbartelot1r@unesco.org
Stark-Kunde,397-895-0639,crudram1s@wunderground.com
Robel-Spinka,400-634-2486,kkrout1t@google.com.hk
Daugherty-Vandervort,886-305-0243,lcawston1u@discuz.net
Kessler LLC,484-935-6407,mlaydon1v@list-manage.com
Hamill and Sons,898-670-4809,wbrazenor1w@netscape.com
Medhurst LLC,984-774-8533,wrubke1x@prlog.org
"Cummings, D'Amore and Grant",625-974-6025,cmcwhinnie1y@wisc.edu
West-Bernhard,425-195-6739,csollis1z@shop-pro.jp
"West, Rutherford and Greenfelder",435-618-4125,dlegendre20@noaa.gov
"Medhurst, White and Mertz",734-401-4106,hwalter21@about.me
Abshire-Nolan,271-209-5444,kadess22@mozilla.com
"Senger, McClure and Daugherty",953-877-0474,vgiles23@gov.uk
Altenwerth-Bruen,742-103-6075,mheinl24@dagondesign.com
Kunze-Heathcote,683-373-8002,vwesthead25@github.com
Cummerata Group,551-887-4667,gstobbie26@abc.net.au
"Kuhic, Padberg and Leannon",570-120-4982,mmccaffrey27@ameblo.jp
"Nienow, Stehr and Okuneva",855-449-9185,bbellon28@cbslocal.com
"Lowe, Hauck and Friesen",967-827-1540,mcrebott29@businesswire.com
Senger-Hackett,657-121-8885,lpassingham2a@list-manage.com
Jaskolski-Towne,324-629-8855,bdautry2b@stumbleupon.com
Durgan LLC,962-792-0788,cmoses2c@flickr.com
Krajcik-Howe,839-287-5438,mwalkinshaw2d@blogger.com
"Wilderman, O'Reilly and Rempel",883-489-7093,wbellison2e@walmart.com
Von and Sons,220-908-9745,rpatise2f@admin.ch
Pacocha and Sons,374-248-3176,rmattheus2g@goo.gl
"Heathcote, Gottlieb and Swift",274-615-5563,ftumayan2h@toplist.cz
Mraz and Sons,732-184-0570,rlinch2i@discuz.net
"Swaniawski, Walsh and Dach",953-572-9752,vlassetter2j@miitbeian.gov.cn
"Rempel, Lesch and Braun",367-695-5557,gsickling2k@hexun.com
"Breitenberg, O'Conner and Schulist",286-587-1217,rdeath2l@livejournal.com
"Price, Schaefer and Walker",102-319-5222,cquartley2m@marriott.com
Stiedemann and Sons,661-637-6648,vmonnoyer2n@nydailynews.com
"Kiehn, Lakin and Watsica",755-644-4136,rlougheed2o@hud.gov
Langosh-Ernser,953-512-1113,fhindge2p@themeforest.net
Hegmann and Sons,400-852-5573,sbrookshaw2q@themeforest.net
"McKenzie, Ratke and Moore",976-936-0811,ibunford2r@amazon.de
Larkin-Hoppe,133-574-6617,ewagerfield2s@wp.com
"Parker, Crooks and Koelpin",868-617-7287,friggert2t@com.com
Medhurst-Parker,634-832-1152,wlorent2u@godaddy.com
Muller-Huels,996-336-4839,nbillingham2v@japanpost.jp
Wuckert Group,827-356-8097,jbrunicke2w@utexas.edu
Howe LLC,373-602-5418,mdominichetti2x@uiuc.edu
Botsford LLC,203-105-7963,awoolen2y@ycombinator.com
Braun Inc,517-415-2959,kanglish2z@harvard.edu
"Tremblay, Legros and Ankunding",957-197-1730,lgolland30@wisc.edu
Ward and Sons,866-148-5336,cpresslee31@ft.com
Jacobs-Gibson,141-774-6016,bnorthover32@sohu.com
Carter Group,115-593-7009,oscouler33@state.tx.us
"Orn, Jacobs and O'Connell",492-832-3788,sfellibrand34@cdc.gov
Hudson-Tremblay,702-628-3142,arycraft35@microsoft.com
"Bauch, Olson and Kautzer",431-552-2140,cbewlie36@typepad.com
Weissnat Group,354-277-8951,eandrag37@who.int
"Lindgren, Sipes and Towne",607-489-5672,ufilippyev38@jiathis.com
Koepp Group,189-427-8535,athurske39@hc360.com
"Nolan, Erdman and Schulist",675-721-5285,jbunney3a@liveinternet.ru
Blick and Sons,246-656-2532,bsimek3b@wikipedia.org
Legros LLC,810-237-9561,rmarkovich3c@tuttocitta.it
Goyette Inc,618-310-7361,edunkerton3d@si.edu
"Douglas, Barton and Ryan",799-673-9209,ppavelka3e@wikia.com
Harvey-Weber,938-441-5385,acoggings3f@reference.com
VonRueden-Smitham,279-428-1374,rgoldster3g@weather.com
Nicolas-Pfannerstill,433-995-0363,amillhouse3h@phpbb.com
Abshire and Sons,572-519-8631,hwimmer3i@alexa.com
Cummerata and Sons,413-107-6452,akaufman3j@oaic.gov.au
Satterfield-Lehner,140-187-7778,dprahl3k@msu.edu
"Feeney, Daniel and Champlin",837-159-7044,nstanlack3l@salon.com
"Nader, Shields and Daniel",179-108-0445,glitherland3m@hao123.com
Moore-Cummings,763-752-5816,aspillard3n@answers.com
"Lueilwitz, Paucek and Hartmann",544-266-5481,jege3o@army.mil
Wilderman-Orn,999-788-7860,tjosefsohn3p@gmpg.org
"Bednar, Lind and White",115-724-8826,cdominguez3q@sourceforge.net
O'Kon Inc,469-167-0442,bgodridge3r@pinterest.com
Weber Group,235-491-0108,fduham3s@ftc.gov
Quigley-Lemke,239-989-1365,rranner3t@delicious.com
Orn-Toy,193-128-1604,ajuares3u@pbs.org
Rogahn-Grant,794-498-1500,jconnick3v@ucoz.com
O'Conner-Trantow,364-431-6976,lganford3w@exblog.jp
"Walsh, McKenzie and White",801-357-2419,afevier3x@blogger.com
Stoltenberg-Kovacek,874-228-2841,edoale3y@xinhuanet.com
Bosco Group,706-238-7002,gbuglar3z@telegraph.co.uk
Hills-Bradtke,698-468-2363,gcaret40@flickr.com
Jenkins-Batz,312-307-1967,wparminter41@buzzfeed.com
Kuvalis Group,635-404-8218,abarkes42@nasa.gov
"Kessler, Toy and Schaefer",157-112-2749,yfones43@wunderground.com
Pollich-Leffler,126-615-6976,vbeeho44@vistaprint.com
"Hauck, Hahn and Hackett",437-443-5806,cmadden45@macromedia.com
Wyman-Huels,923-907-6958,mmiere46@studiopress.com
"Gleason, Moen and McCullough",195-959-8693,bleander47@soundcloud.com
"McLaughlin, Koss and Waters",892-725-3371,eohenery48@fc2.com
Krajcik-Lockman,782-285-2641,ooneal49@istockphoto.com
Kutch and Sons,417-524-1931,nshane4a@opensource.org
Weissnat-Stanton,375-921-0116,idayes4b@baidu.com
Shanahan-Emard,840-479-3323,pvarndall4c@imdb.com
"Raynor, Tillman and Parisian",614-212-0257,kmiddiff4d@netscape.com
Schuppe and Sons,638-192-2326,talphonso4e@cnn.com
Schaefer-Will,323-176-1351,bluto4f@cbc.ca
Beahan LLC,554-725-2753,smedling4g@ustream.tv
Casper-Volkman,881-904-7512,rsirett4h@wired.com
Renner-Green,816-336-7140,glanders4i@reverbnation.com
"Kertzmann, Morar and Bartoletti",197-640-8574,aclaricoats4j@google.cn
Kshlerin Inc,589-963-5760,bharbidge4k@wikipedia.org
Abshire LLC,665-367-5581,dshave4l@google.it
"Auer, Stiedemann and Monahan",293-912-2846,bwingate4m@prnewswire.com
Lehner Inc,888-869-3347,lmckelvie4n@hostgator.com
Prosacco Group,400-601-9289,ahuntingdon4o@pinterest.com
"Berge, Kerluke and Streich",993-700-0574,tgoldthorp4p@intel.com
"Schimmel, Wunsch and Rohan",155-142-3991,lpuckham4q@oakley.com
"Harris, Watsica and Johnston",309-278-5656,kbarford4r@hc360.com
"Bernier, Johnston and Hartmann",585-129-9815,wmuck4s@ovh.net
"Ward, Bernier and Balistreri",385-328-7080,oclavering4t@rambler.ru
"Farrell, Quitzon and Pacocha",499-800-2054,sdullingham4u@uiuc.edu
Fritsch-Vandervort,557-134-9838,hchicotti4v@so-net.ne.jp
Medhurst-Torp,792-624-5342,lwetherill4w@eventbrite.com
Goyette LLC,678-854-2817,mtaplow4x@yellowbook.com
"Trantow, Terry and Schinner",185-422-3982,kbarradell4y@acquirethisname.com
Wehner-Johnson,422-957-0672,pbunch4z@free.fr
"Koepp, Stamm and Mraz",968-756-2342,kplaunch50@diigo.com
Pagac-McGlynn,505-308-2277,jsockell51@usda.gov
Green-Denesik,794-501-5054,ahyslop52@altervista.org
Davis and Sons,108-239-4739,awhitnell53@zimbio.com
Ebert-Strosin,301-173-1230,ferbe54@nifty.com
Mohr-Huel,863-191-1407,hbeauchop55@live.com
"Lockman, Zboncak and Cassin",726-533-2990,smacdearmaid56@facebook.com
Williamson-Kuphal,242-534-0421,kbrambill57@technorati.com
Wiza-Ebert,455-269-6958,nbradnock58@paginegialle.it
Schinner-Dicki,543-486-6675,egauvin59@phpbb.com
Kuphal-Frami,617-547-7584,leilers5a@g.co
"Parisian, Bahringer and O'Keefe",211-254-6410,ghalmkin5b@yellowpages.com
McDermott-Murazik,880-547-5539,bleteve5c@latimes.com
Harvey Inc,649-564-2337,ypledger5d@bloglines.com
"Altenwerth, Metz and Leannon",915-107-0941,tmacdermot5e@a8.net
Bergstrom and Sons,762-524-6561,dfortman5f@cisco.com
Ankunding Inc,735-914-6328,lquoit5g@eepurl.com
"Morissette, Corkery and Bernier",475-605-1783,bbowne5h@un.org
Buckridge-Feest,904-147-5518,vwallett5i@quantcast.com
"Langosh, Swift and McGlynn",769-165-8224,egeraldi5j@wsj.com
