first_name,last_name,email,phone,country,passportNumber
Izabel,Mosedill,imosedill0@cdbaby.com,135-345-2230,Ireland,1bb50f4c-a82d-4017-a762-15e8fdc89939
Florinda,Magowan,fmagowan1@icio.us,702-613-2165,United States,1b0cae71-0240-4814-a120-465c931fa4aa
Brigida,Eastwell,beastwell2@hubpages.com,551-586-1457,Ukraine,b36b8e82-07d4-49c5-b0fc-b45dc97566cf
Alana,Palley,apalley3@bigcartel.com,974-209-8186,Brazil,6452354c-6ff5-43e7-bbad-77367137c163
Jozef,Ollivierre,jollivierre4@engadget.com,599-851-2616,Malaysia,e6e58756-a8dc-4885-bcb8-f517abd3d7e9
Alisander,Praundlin,apraundlin5@bloglovin.com,600-287-2914,Indonesia,eda42480-8e84-43f4-9ab8-ce915b280dc8
Robinett,Pearn,rpearn6@fc2.com,198-668-5359,Japan,6b6d2c23-4255-48b8-924b-238750442737
Leanora,Serjent,lserjent7@earthlink.net,353-897-8470,Russia,d8bd0b4d-81ec-4b84-9d7c-31c71c5a6e64
Querida,Hunnicutt,qhunnicutt8@constantcontact.com,690-778-3760,Vietnam,a8e82201-7374-4167-9d2f-9a1d0dafee1a
Aubine,Toffalo,atoffalo9@i2i.jp,936-828-4351,Albania,1d94d9d8-0da1-4b86-8282-afd352928cb0
Tracey,Browning,tbrowninga@macromedia.com,545-953-4867,Australia,9ba8469e-19fc-4538-bd23-b2981868fb6c
Claybourne,Gever,cgeverb@yelp.com,517-642-2539,Philippines,d9dc622a-8c94-4fc7-951c-fc7dcf82737f
Sherry,Hartrick,shartrickc@bbb.org,753-795-6529,Russia,55c291f0-8d3f-4708-a260-430fdfbed0c7
Starla,Timmermann,stimmermannd@surveymonkey.com,410-940-5387,United States,24104a28-bc07-4e79-ab9d-adb7457cfce7
Yetty,Abramof,yabramofe@nydailynews.com,787-357-3991,China,609f815e-1adc-4806-ad34-957b5f88cf0a
Brien,Giraudou,bgiraudouf@i2i.jp,123-689-8593,Sri Lanka,c5f25abe-f4d9-4823-9f10-48d9cf905671
Rocky,Daniel,rdanielg@cam.ac.uk,988-429-4125,Argentina,969f578a-d591-4bbf-ad27-3d7c9be1587e
Abie,Reuter,areuterh@dailymotion.com,750-294-4067,Ethiopia,69a07acf-1a8d-4606-b971-64f486b8a22b
Ellary,Geall,egealli@xing.com,552-781-7471,Peru,3f271f44-8649-4c60-b662-1fae355b2d37
Garvin,Battleson,gbattlesonj@bloglines.com,796-523-5647,Colombia,57e475a7-35cc-46b9-b39b-1247f9d2bd1a
Beryle,Rackam,brackamk@narod.ru,295-338-0679,Portugal,ab5e5564-495f-4d9a-8b8e-c1e2db717919
Gerianna,Crimmins,gcrimminsl@infoseek.co.jp,394-408-4713,Portugal,16649e5a-b0d7-4315-a9a4-1b360ec5228e
Phaedra,Thurstance,pthurstancem@weather.com,155-675-7444,Argentina,c0e13560-4cc4-48e5-ba98-343db6a3d972
Wyatt,Whitmore,wwhitmoren@networkadvertising.org,223-445-2273,Indonesia,1a18ed14-db11-47b1-8575-712b60ec094d
Rubina,Shardlow,rshardlowo@hexun.com,838-295-9287,Ireland,01368757-6570-4921-87b1-f7945689ee7b
Emma,Cullotey,eculloteyp@amazon.de,754-245-9028,Ireland,c7c908b3-f5b5-4d5d-a226-4bb1c6fefa9e
Nissie,Lawey,nlaweyq@about.me,453-897-8424,Iran,d99e63a7-2482-4c46-aea0-395573c0e408
Melinde,Kilday,mkildayr@vk.com,240-901-1719,China,0d7769ef-7278-4efa-a19e-74bc5f2d8afd
Freddie,Eggins,fegginss@t-online.de,680-268-2987,Japan,764b8793-3bd0-4e7a-baf6-6eb2224cf089
Cully,Grabbam,cgrabbamt@netvibes.com,606-805-7373,Indonesia,5b385036-d2d5-41fb-93da-211fdfcdb08c
Mufi,Cappleman,mcapplemanu@sourceforge.net,650-640-4750,Morocco,f604140c-9811-4eca-9e72-80a74df94fe8
Scotti,Bampkin,sbampkinv@bbb.org,704-288-6317,United States,db74c331-5892-4e41-a806-b2c2e86ec1d1
Sigrid,Lyptrit,slyptritw@youtu.be,879-713-8849,Nigeria,acdcd3a2-0410-40cd-843b-67a4df51e553
Winnie,De Michele,wdemichelex@hostgator.com,865-372-8835,United States,86cee878-5f1b-4297-a9b3-63f25abff560
Lanie,Askaw,laskawy@instagram.com,817-462-7906,China,a3936159-45fb-4a40-8070-4fd564ceb06d
Vivien,Conrart,vconrartz@wikispaces.com,531-404-3905,Russia,119bf05c-3e3a-4294-a707-84b2fb0cb6ec
Cary,Aggus,caggus10@sphinn.com,607-987-7433,Japan,9b52c0b3-5c09-4af9-a800-f98adf806cb6
Blane,Axelby,baxelby11@1688.com,322-519-8038,Philippines,490cd708-ea21-47a5-bd29-e284f49b1a13
Roxine,Plowman,rplowman12@usda.gov,532-714-7572,China,2fd2873e-ffca-4731-9906-2011842ea2ec
Avis,Melluish,amelluish13@blinklist.com,904-141-6130,United States,c0f02fab-c206-4c9b-a0ec-176b1559c680
Jamaal,Norridge,jnorridge14@virginia.edu,898-896-6632,Norway,a154c9da-aa92-413b-b4f8-95b8a6eeab81
Geneva,Mannock,gmannock15@ehow.com,456-269-6599,Honduras,254d62ed-d266-4c27-bba3-719a433a813b
Paige,Fawley,pfawley16@macromedia.com,962-529-7495,Ukraine,66d76e33-61c4-4a09-88ea-21ab735e50d9
Anissa,Daily,adaily17@infoseek.co.jp,231-725-3456,Ireland,bf599ea6-1a77-455b-8838-1e0003c2e40b
Jules,Waitland,jwaitland18@rediff.com,231-546-5024,Vietnam,d735f4c6-0142-4d1e-8e5a-3f5091abb77a
Amabelle,Horbart,ahorbart19@macromedia.com,839-493-8214,China,3ef225b5-66f0-4ceb-a86d-17cfba27cd8d
Romola,Raywood,rraywood1a@cnn.com,162-882-8838,Canada,b01c631e-61fd-4e7a-ae4e-bdb6e93ecbc6
Ab,Wankel,awankel1b@buzzfeed.com,421-425-7567,France,a2387922-8f39-40ac-84f1-38fe420061cd
Denver,Izzett,dizzett1c@yelp.com,812-564-1317,United States,868988e5-a6c8-461c-a39f-d370b710390e
Nial,Prestedge,nprestedge1d@seattletimes.com,383-913-1709,Indonesia,6ca601c0-5abb-4d46-a28f-6adae16c8434
Heddi,Ballantyne,hballantyne1e@si.edu,359-274-7371,Indonesia,58c53057-6a3a-44db-9e8c-217e2a87bb85
Kailey,Pettyfar,kpettyfar1f@goo.gl,797-883-3771,Argentina,4ce2755a-28b6-4bd0-ac9b-3274d2187969
Myca,Sante,msante1g@themeforest.net,716-674-6116,Kenya,c8828ba3-c8c2-404e-9dab-a65ce098dbca
Natalee,Exley,nexley1h@sbwire.com,356-646-6278,Indonesia,dbc05882-ae7b-4973-a6d5-7e502356a03e
Calv,Wylder,cwylder1i@dyndns.org,988-674-6676,Philippines,9d105c86-3029-484a-bffa-7df709b7b862
Otes,Timbrell,otimbrell1j@yale.edu,515-147-7991,Japan,e680c245-0d42-4c87-b19f-528c67958deb
Lorrayne,Harrod,lharrod1k@goodreads.com,599-618-0607,United Kingdom,35e8c57b-c028-4cd9-af24-28e5af3630a9
Guenevere,Worvill,gworvill1l@paypal.com,402-847-6655,China,04c9ba0c-b5d8-4b2c-8d7a-226c9eedc8bc
Suzanne,Abley,sabley1m@friendfeed.com,148-735-7742,Burkina Faso,4929757c-abc5-4906-a23b-86addf598db7
Lenci,Pencott,lpencott1n@opensource.org,140-459-8060,Vietnam,67945437-6a7f-49db-b408-30debd468c2d
Mab,Rubica,mrubica1o@live.com,236-826-6321,Egypt,63b08336-614a-4ff9-b05f-b9f2a832a4c5
Julieta,Rewbottom,jrewbottom1p@aboutads.info,356-330-4584,Japan,e56c6ed9-ad73-4cf7-bc2e-d578f3b3dae3
Elie,Pickburn,epickburn1q@netvibes.com,534-126-0083,China,0b5f461e-06dc-4415-81f3-2e48ad7886be
Ingaborg,Sleaford,isleaford1r@canalblog.com,272-101-4198,Ukraine,3335d56f-ab62-481a-b396-1a4124b809ea
Anatole,Tothe,atothe1s@java.com,279-886-6352,China,4d5fe0fc-c617-4d82-80bd-49ff2bbbe855
Minnaminnie,Peaker,mpeaker1t@techcrunch.com,487-999-3735,Indonesia,60f918ca-8999-4fba-ba6c-4f27e31b5d0f
Kipper,Ormiston,kormiston1u@exblog.jp,404-610-5442,Malaysia,70394b18-48b1-4a19-9fc7-c05b6a614935
Nerty,Sisneros,nsisneros1v@google.de,632-453-7937,China,e79a5209-9e01-424e-a6f3-d4acb5fb2a73
Abie,Taberner,ataberner1w@weibo.com,138-210-1674,Indonesia,bf0ce46b-e14b-4e8f-a88a-690b2cd48ced
Gilligan,Hulatt,ghulatt1x@yellowbook.com,750-691-0430,China,6ed8de5a-6749-414f-b280-049b7b035f1e
Claudio,Juanico,cjuanico1y@over-blog.com,195-434-8855,Brazil,14e7825b-7fe8-44c4-8da1-018b44b8f33f
Julieta,Ramas,jramas1z@freewebs.com,469-855-9061,China,837f23e3-53fb-41a0-91cd-ad0282b5e2e8
Rodrigo,Caurah,rcaurah20@google.com.au,215-278-1526,Armenia,84eb51c9-4fe8-4e4a-8dc6-dfa1ba882683
Rochella,Shovel,rshovel21@state.gov,987-492-3844,Croatia,ca06240d-31ab-4edc-9fb7-3363d4f12011
Gearard,Egleton,gegleton22@xing.com,811-422-4951,Indonesia,8ae1b396-c785-49b7-b79a-70fa9ffde001
Sawyere,Pitone,spitone23@spiegel.de,500-942-5716,Indonesia,48aa4eca-81ce-4e8b-ae66-06bc7c19bd62
Con,Giovannini,cgiovannini24@elegantthemes.com,761-138-4428,Poland,9c2234c2-40b2-42f9-a77f-3a45c36ad56f
Shane,Newland,snewland25@networkadvertising.org,957-948-3543,Portugal,393c286c-aa51-47a4-9a62-1b7232c520f0
Cecilia,Dozdill,cdozdill26@clickbank.net,568-191-2104,Indonesia,15fb6a24-1b54-4798-bc6f-ff35f3d8a161
Diann,Shurrocks,dshurrocks27@aol.com,187-322-6216,Panama,e8d0f023-bf68-4cf9-8ac1-fed8c854e5ad
Laetitia,Greenard,lgreenard28@ask.com,943-378-1465,China,83b6a270-9d69-41c5-bdd9-00d23b3cf80d
Rosa,Dunstan,rdunstan29@miitbeian.gov.cn,639-182-6188,Kenya,c4c7d1cf-573d-4654-8827-87312e9e2b2a
Ingamar,Craze,icraze2a@globo.com,770-891-0535,Vietnam,8204ad04-d673-4b18-b1ce-6920aa460c44
Allys,Langrick,alangrick2b@issuu.com,138-840-1780,Indonesia,33925ec8-2791-4af5-b410-53c6a513b8c4
Jedd,Wheelband,jwheelband2c@irs.gov,846-229-5823,Iraq,586017ad-6a78-41b9-8cdf-fdd949af8653
Janice,Timmins,jtimmins2d@amazon.co.uk,776-117-4554,Chile,2ccc3025-0b36-474f-b8cf-6cea8f51b511
Wanda,Cod,wcod2e@squarespace.com,972-275-9312,Brazil,880f2dab-f3c7-495e-9aaf-f360d68d657f
Earle,Lackington,elackington2f@chicagotribune.com,316-222-3973,Albania,5550c11b-2fcd-4870-8efb-4508bde1754d
Luciana,Leslie,lleslie2g@answers.com,591-809-6522,Guatemala,8863ea96-8399-4059-9a9c-90c19189cbba
Malanie,Salt,msalt2h@techcrunch.com,320-566-5571,Mexico,8e3c3da3-b2da-4a5f-94dd-3e2717dcf7ef
Johnna,Gilstoun,jgilstoun2i@ed.gov,620-801-1219,Philippines,986179a7-b025-487c-b160-eb05897f72a8
Ronny,Bratt,rbratt2j@blogs.com,478-578-1850,Zambia,34177912-21c0-45b4-9468-172851280e69
Jamie,Eydel,jeydel2k@mac.com,327-868-2762,Dominican Republic,a82efe0c-65fa-4ceb-8c22-1613dd7a795d
Cindie,Fyfield,cfyfield2l@friendfeed.com,511-933-7867,China,b0f07efc-291f-42ea-9322-ba24b8740f7c
May,Balshaw,mbalshaw2m@go.com,438-556-2697,Japan,1d4dbd2f-fce1-4eef-a903-90d4fc2ed3e0
Kara-lynn,Parzis,kparzis2n@phoca.cz,581-211-3113,Poland,d1ba9306-1f51-4e8f-a54f-7b4f5fd402e9
Laurence,Landers,llanders2o@chronoengine.com,463-318-0455,China,fdcf8168-73ec-4fa8-9be8-899817b68b50
Ricard,Yosevitz,ryosevitz2p@blogger.com,307-113-1680,Ukraine,6fd690cb-ab14-486d-9f7d-ff0707b07c67
Desirae,Emer,demer2q@chronoengine.com,477-543-5746,Sweden,b66c0f5e-71ba-44fe-a139-c6b19ca2bae9
Wally,Ridding,wridding2r@house.gov,533-599-2084,Kazakhstan,d8726053-dd8c-4c33-9c75-ffbd5ec11143
Darcie,Stothert,dstothert2s@t-online.de,805-735-0952,China,93beee1b-1755-42ec-8ef2-c1e05503e55b
Munmro,Meijer,mmeijer2t@soup.io,240-618-1006,Nigeria,9e71ae3c-474e-4610-aeb8-e5494e83dc0e
Edyth,Wilkennson,ewilkennson2u@amazon.co.jp,760-724-7938,Haiti,68f929cb-213c-4d54-9a6c-4ae26300152c
Rolph,Ponting,rponting2v@accuweather.com,390-621-0640,Peru,ab564faa-1fa4-4306-8736-062f63be6418
Sydney,Klimowicz,sklimowicz2w@cnet.com,128-756-3720,Brazil,01dfaeec-bcc0-4fb1-9fdd-358b7609562f
Clarabelle,Bootyman,cbootyman2x@vistaprint.com,121-110-9565,China,ee0390d1-5899-4517-8af2-c4bb3a584d90
Lois,Canavan,lcanavan2y@epa.gov,280-534-5373,Netherlands,a5e0b313-b449-454a-a32d-8df0e8e23720
Lettie,Lippitt,llippitt2z@angelfire.com,601-532-3158,Morocco,47653718-929e-4b52-a8e8-4b68d9211bf8
Shalna,Rikkard,srikkard30@1688.com,151-374-5103,Portugal,4207e6d4-07d3-4f78-9d64-b815f36eec82
Prissie,Grace,pgrace31@addthis.com,571-619-7895,Morocco,0d99809d-f6ed-4469-ab2b-5118c95457d9
Oralla,Thickett,othickett32@blogger.com,487-566-7829,China,05ced7dd-1068-4be0-9b41-cf0bc90ea094
Lurleen,Adamowitz,ladamowitz33@google.ca,775-396-3734,China,aea9f8f6-198c-4c6b-b541-13b2202eca80
Marline,Trowsdall,mtrowsdall34@people.com.cn,138-205-8345,Thailand,0ebbdfdf-1c7d-414f-8e9b-f3b88ee55d1a
Amalle,Deaville,adeaville35@flavors.me,754-487-0573,Indonesia,37c5460d-f60f-43bd-9c5d-a101b765438f
Jamesy,Challiss,jchalliss36@nydailynews.com,117-274-0418,Brazil,c546c8fb-f91c-4a8c-9158-2e8e67791bba
Andriette,Wellum,awellum37@kickstarter.com,254-459-2628,China,f2e2a9d8-3e51-4ff6-93ff-f056e6c40425
Ingunna,Booeln,ibooeln38@geocities.com,360-412-1054,Czech Republic,107f5a9c-996e-46ac-a9b1-20a2435b11bb
Stanfield,Nickols,snickols39@bloomberg.com,930-991-4410,Philippines,ee816087-e7ba-4b13-a448-1e56c2ba227d
Brena,Cutbirth,bcutbirth3a@last.fm,142-519-8270,South Africa,93c232c5-7a3c-4f59-8156-358287b280dc
Ardelle,Chattoe,achattoe3b@barnesandnoble.com,342-106-2568,Peru,db1ee03f-3d43-420a-b2a6-d4b6cadaa265
Elisa,Addess,eaddess3c@linkedin.com,529-246-4255,China,02f6b431-f683-4c11-a8fb-1c3ac6ebe0d3
Joell,Ravillas,jravillas3d@altervista.org,708-751-1244,Indonesia,1533a060-0cd9-4595-9df4-7731fbd8f70a
Dorothea,Simonsson,dsimonsson3e@usnews.com,769-669-8487,Indonesia,4a9708f4-c8cc-4f04-baa4-a646d0f30a0b
Sabina,Strathearn,sstrathearn3f@harvard.edu,856-432-5878,China,48a249d4-856f-4d37-b125-26f6ae542369
Natalie,Stores,nstores3g@un.org,759-882-7094,Ireland,a2d3b570-f26e-42cb-8a7d-ffccc91a36fb
Dale,Jepperson,djepperson3h@example.com,338-520-0151,China,d3cffd54-92cd-4063-ae54-fd7203554570
Cy,Dyzart,cdyzart3i@cam.ac.uk,321-380-8261,Belarus,92bf5858-f6a6-4af1-82ab-32700f5379c9
Gar,Wicken,gwicken3j@noaa.gov,898-552-6896,Jordan,ad87ba79-4ce3-4ce3-a0f3-e78d5421707b
Jard,Bartosch,jbartosch3k@pbs.org,986-205-8988,Greece,1c002edc-9729-4ff9-9f27-e51e32c79228
Lillis,Scamadin,lscamadin3l@amazon.co.uk,435-628-8172,Ukraine,9758c4d6-59e1-4157-856f-5ff5c9fa2742
Aaren,Praton,apraton3m@biblegateway.com,952-574-1752,Netherlands,57c669d2-06a0-4735-84c0-5e47548a0e59
Leland,Scrammage,lscrammage3n@latimes.com,117-144-1247,China,aa2ae5aa-a524-42da-8b45-4ce453745a9a
Anabel,Redwin,aredwin3o@ed.gov,655-886-1903,Indonesia,f3244761-e650-444b-9cad-b4e1d628ac1a
Kilian,Libermore,klibermore3p@google.pl,624-428-7888,Brazil,a9f4688a-144c-4a76-b907-dc7add60449b
Dottie,Hartfleet,dhartfleet3q@istockphoto.com,308-449-3924,China,ccc61a63-af73-40c0-9e79-9bf1174c9732
Leoine,Delacourt,ldelacourt3r@clickbank.net,753-127-4356,Sweden,b5fdfe61-228f-4291-a30a-8780383217db
Chucho,Powderham,cpowderham3s@pinterest.com,399-650-8299,Peru,53d2b525-b24e-4b96-93cc-295b927ae0b9
Zaria,Dredge,zdredge3t@sogou.com,973-496-3482,Malaysia,26f31cd6-6913-4c74-8b98-6a7ea282bc78
Jimmie,Drinkall,jdrinkall3u@live.com,656-561-6031,Indonesia,d3c168f1-2ffa-499d-983e-a5367ad51e50
Vanya,Velareal,vvelareal3v@alexa.com,624-845-3803,Poland,a1afa88a-8717-42a7-81f1-d4a62f3e2391
Dusty,Savins,dsavins3w@chicagotribune.com,199-399-1328,China,fc420a3d-49cb-4e9e-ac1e-f30076fc8bfb
Steffane,Talloe,stalloe3x@biblegateway.com,126-101-0348,China,52d7c350-008e-4377-8048-5535e1ad6fc5
Eugenia,Kohring,ekohring3y@washington.edu,937-426-5428,Indonesia,d6f5aad4-b112-4d6f-941a-381376dabbaa
Ryun,Coppeard,rcoppeard3z@answers.com,647-730-0172,Indonesia,4751f6eb-a20e-4c52-b520-65a759317052
Gweneth,Waltering,gwaltering40@nationalgeographic.com,405-139-5203,China,98c9b837-ad01-4f41-94cf-5a568bf8b38a
See,Easey,seasey41@hud.gov,510-532-4465,Belarus,83f6169c-2e10-488c-bf29-cf43d3a113fd
Calli,Brislan,cbrislan42@google.de,681-540-4839,United Kingdom,87d06dce-cecb-4c2c-844f-7bbc3d87aea0
Jermayne,Midgley,jmidgley43@slashdot.org,530-777-6125,Peru,ddf4fc6a-cde4-4b7a-89a4-4614ba6ef5d7
Katrina,Dupree,kdupree44@imgur.com,467-955-0577,China,85416879-bb09-40b5-a00c-e7dd1f9c1732
Guglielmo,Wallice,gwallice45@gizmodo.com,319-997-6768,Brazil,d2e6980a-1d07-44e4-a34e-2d1333f2ac4e
Pattin,Pollastro,ppollastro46@ihg.com,214-221-7785,Belarus,46976a53-aeff-4cfd-910b-adb14156ad5d
Jemmie,Folomin,jfolomin47@hhs.gov,258-122-2250,Greece,856dbd6d-3be8-4a1d-98b2-7cd385eca0bc
Nicolina,Spittle,nspittle48@umich.edu,966-531-8181,Mexico,da65eaab-ad82-47cd-b841-1c47ab10c3a7
Octavia,MacArte,omacarte49@umich.edu,138-550-0513,Iraq,f9ffb6c7-26ae-4acf-9a6b-fb2db4a7d08c
Abbe,Janecki,ajanecki4a@spotify.com,402-718-3518,China,1e32da19-64e9-454e-a7dc-16e3e3f59e67
Jefferson,Cartner,jcartner4b@wsj.com,319-618-5535,China,bfbc0264-8b74-4af9-a01a-3cf8143f4d53
Dame,Mooney,dmooney4c@prnewswire.com,715-550-5701,Philippines,4bd3e076-1168-4dfb-984a-7964686599b7
Charisse,Cavey,ccavey4d@bbc.co.uk,518-538-9114,South Africa,89f1d200-4024-4f06-a228-98f10e266f16
Wainwright,Lithcow,wlithcow4e@nsw.gov.au,482-720-7727,Indonesia,233beee2-c9eb-4984-a7ee-c34bd57d82f8
Shalne,Gossington,sgossington4f@surveymonkey.com,451-854-3312,Germany,736860ba-48ce-4d75-87bd-339f61ae03fd
Shem,Beckson,sbeckson4g@sciencedirect.com,841-260-3601,Croatia,23e3c197-3983-469e-9edc-9563bef6b78e
Fraze,Dayer,fdayer4h@last.fm,195-267-5230,Netherlands,d9b71f9e-7fa3-48ac-8a0d-138ee744e3c5
Ario,McSorley,amcsorley4i@sphinn.com,623-294-6912,Macedonia,2a8f2d30-54eb-4d95-904e-a73b77c1c6af
Coralie,Sisneros,csisneros4j@amazon.de,459-444-2062,Portugal,4349b03a-ce63-4178-a014-c058a58c0c98
Cordula,Endersby,cendersby4k@thetimes.co.uk,851-831-1364,Albania,51f680e7-8b5f-4c61-b5b2-908e7a6a77e6
Cal,Budgen,cbudgen4l@washington.edu,476-627-7067,Germany,f128849b-5505-45ac-9bf3-643d7d41e5c7
Vasili,Vanyushkin,vvanyushkin4m@globo.com,733-716-3069,Poland,3b84c684-3afb-4fb8-8d1d-ff6e1c02e795
Lib,Snawdon,lsnawdon4n@discuz.net,249-446-7798,Papua New Guinea,d3c03ee1-641a-464a-b531-cb2ff88e68ee
Peyter,Strowan,pstrowan4o@ycombinator.com,987-718-8762,China,06496000-c2a9-4afc-a1bc-fd63394c804c
Flss,Triplett,ftriplett4p@blogspot.com,578-598-3803,Indonesia,59db7be9-9190-41d3-8c33-6c7ae231b253
Nowell,Jerg,njerg4q@blogspot.com,477-617-4938,Indonesia,9f587278-86e0-4db1-b41e-904fa94e4107
Wallie,Clutterbuck,wclutterbuck4r@google.pl,100-338-0410,Russia,cac059f9-9194-4559-b3d4-bb8f62df5590
Agatha,Vyvyan,avyvyan4s@symantec.com,205-985-9638,Madagascar,cdc41cf8-caba-43d1-94f2-ee0a3d41099c
Tadio,Hulbert,thulbert4t@cam.ac.uk,978-993-0097,China,036be0b3-b632-40cc-97fb-018c5716944c
Sela,Filipson,sfilipson4u@cdbaby.com,560-459-6971,Ecuador,b96ddeaa-e400-456b-b806-0aa1b47584bb
Nydia,Wimp,nwimp4v@umn.edu,564-887-6538,Tunisia,c4460f92-6662-40a2-b356-7ce5202199db
Maddy,Nussii,mnussii4w@posterous.com,199-593-6879,Republic of the Congo,0e57b64f-e1ea-4693-a228-059478945402
Nanni,De Biasi,ndebiasi4x@redcross.org,339-403-2854,Russia,51429605-575f-4025-a8be-82a688fdd0bf
Lurlene,Prinn,lprinn4y@dailymotion.com,771-743-9357,China,fd702bef-3263-442b-bc5c-85b85013d5c2
Chrysa,Tinker,ctinker4z@harvard.edu,480-154-6032,Japan,32833921-9aa0-4b03-a3a7-d3ffabb5346f
Dukey,Warrier,dwarrier50@wisc.edu,430-508-5092,China,6bea8739-8802-46df-90a1-1836d7443766
Ruth,Massenhove,rmassenhove51@google.fr,800-278-3471,Czech Republic,f4602d66-1ad2-4a5f-9d76-7593d46d3408
Ada,Jilliss,ajilliss52@ed.gov,478-125-0637,Indonesia,12851241-6389-497c-878c-6502e4fce026
Maribeth,Pleming,mpleming53@barnesandnoble.com,454-130-7997,Madagascar,9ffaba8b-cfcb-4807-bcbf-131f86550f17
Tadd,Castelletti,tcastelletti54@utexas.edu,513-987-0547,United States,0d6aa732-5739-4726-92cd-425b7cc8498f
Viv,Petrasek,vpetrasek55@gnu.org,848-779-8873,Philippines,43971b07-d37a-4037-86d3-4177999b1655
Raeann,Cremen,rcremen56@walmart.com,817-233-1426,China,5d040325-58f2-4c9d-a899-185dc36b56a8
Rory,Rapaport,rrapaport57@vinaora.com,654-665-7174,China,a72fe9cc-4d2e-4dbb-ac3a-653e69ad66ec
Madalena,Chelley,mchelley58@yahoo.com,418-335-6351,China,d615a7db-df44-40c6-b5b7-3d21a8fe784f
Dionis,Creffeild,dcreffeild59@earthlink.net,363-629-1082,China,37dda7c9-6a62-4d37-84fa-6490f9792057
Jacenta,Samuel,jsamuel5a@fastcompany.com,856-805-8260,Syria,d6a2cf70-2a02-4285-8570-49805c87e0dc
Hesther,Gothup,hgothup5b@1und1.de,427-476-1246,Indonesia,650a1c7b-1735-4054-859c-4e6eec14761a
Florance,McCurley,fmccurley5c@mozilla.com,314-636-8182,Mauritius,837a6630-411d-4b6c-89cc-1eb4cb6fc0d9
Noel,Gudeman,ngudeman5d@skyrock.com,356-632-5807,Portugal,46b1de81-af11-4726-b8df-851b95a25bcc
Denise,Kilfedder,dkilfedder5e@pbs.org,758-123-9191,Aland Islands,36b0444d-1655-475c-b12d-cc4491b09c13
Katharina,Forseith,kforseith5f@deliciousdays.com,604-835-1949,China,32908163-7ee7-447e-a99d-7d0b82d51dfa
Miranda,McAreavey,mmcareavey5g@blogger.com,152-106-4400,Poland,21e3a8aa-d113-4880-acad-e0911be4b2da
Alecia,Haughey,ahaughey5h@typepad.com,996-431-6725,China,6f477fd4-4b0c-44e3-ac1a-53b5de7109be
Vere,Limer,vlimer5i@wisc.edu,177-832-9354,Bolivia,8377e03a-bf64-479e-aa52-63b5ada380b6
Philipa,Itter,pitter5j@reverbnation.com,271-931-9731,Albania,158fd21b-0be7-4c5e-8214-056fe6510393
Cathee,Badrock,cbadrock5k@purevolume.com,618-520-2653,Indonesia,5f69d47c-7e4f-44a7-bcaf-63cb0af01733
Garnet,Carthew,gcarthew5l@economist.com,414-578-5892,Russia,565c4a59-e13d-40a7-96db-1809fab6b4d6
Rosana,Stronghill,rstronghill5m@webeden.co.uk,655-803-9309,Russia,e0bf6985-2822-4e99-8dee-c00b3d09581f
Millicent,Cammoile,mcammoile5n@phpbb.com,523-602-6291,Ukraine,e8f10296-1375-4609-b63e-b074a2bf5e14
Clarance,Reddel,creddel5o@friendfeed.com,210-174-9304,United States,0a134f35-df27-4eb1-a60b-55a67953175b
Helena,Meany,hmeany5p@cbc.ca,426-316-8508,China,14509cef-2713-4be5-92ed-4a30b5531be9
Stanwood,Freckingham,sfreckingham5q@nbcnews.com,858-397-4227,United States,dec5c8dd-5605-4431-bb2c-a41f8a8dfb1c
Jeremie,Remmer,jremmer5r@wufoo.com,592-395-3205,China,d5e714ed-37aa-4a0b-a248-205b11b02452
Kilian,Millthorpe,kmillthorpe5s@yellowpages.com,420-585-1837,Kiribati,e286de04-48f8-4efe-855c-ca58c9284eef
Nevin,Megson,nmegson5t@networksolutions.com,328-607-2768,Japan,9f4854dd-6e0f-49f7-a985-79a02e81897a
Christina,Blick,cblick5u@theguardian.com,760-282-3389,Cameroon,e5e7fa42-a754-4da9-b168-13af654df881
Lenard,Menlow,lmenlow5v@hibu.com,644-928-6880,Madagascar,a59f7168-efe2-4d93-b91b-29ba7b1d904e
Eugen,Herreran,eherreran5w@trellian.com,686-611-3320,Russia,16681610-1922-49fa-a123-aa1ba3f08948
Alic,Brosini,abrosini5x@w3.org,752-871-0666,Russia,70c242b7-3578-4d85-a401-4d3bc1c6a180
Lem,Ailmer,lailmer5y@rambler.ru,228-794-7936,Philippines,bab2cb2f-90df-4241-83f0-36668eddff8d
Pall,Highman,phighman5z@economist.com,224-949-9696,Chile,823750cf-8a1b-452e-9114-c160eaab38ff
Tatiana,Glasscoe,tglasscoe60@lulu.com,285-303-1925,Indonesia,60ff1c3a-acf3-4e47-ae28-39826a9fda62
Marlow,Pennycook,mpennycook61@weebly.com,583-364-9682,Botswana,26078d68-10ca-473a-8ae8-0af7705811ef
Truman,Ganforthe,tganforthe62@ca.gov,898-265-4859,Japan,53633917-a956-47e6-a3ec-e8983c7e7575
Yardley,Olden,yolden63@slate.com,937-889-0195,Norway,52d7eb0c-85f7-4de1-8497-8c609bcecb81
Mallory,Jahncke,mjahncke64@pbs.org,812-624-6825,Philippines,727a1372-761e-4262-ba38-2d0d81f88f8f
Isaak,Bonney,ibonney65@mediafire.com,242-312-5154,Philippines,5dceac16-c64c-44e5-94a2-af98fef970c6
Mead,MacSporran,mmacsporran66@nationalgeographic.com,455-492-9541,Canada,43636154-d44c-42e2-9577-30b9a666be30
Lilyan,Bagniuk,lbagniuk67@diigo.com,462-597-3443,Mexico,d98378a9-1c09-4768-90af-93b2ecc237de
Storm,Rojas,srojas68@disqus.com,570-960-0670,United States,6f2003f5-8bd6-4274-8dad-0319bc62bacf
Claiborn,Boulstridge,cboulstridge69@acquirethisname.com,566-210-1607,China,6cd3497a-b1fe-41b2-80d3-e057763ed738
Marline,Hayhow,mhayhow6a@about.com,398-648-6739,Peru,55dfe583-edea-4e4d-affe-73e5d9e1dddb
Valerie,Dewen,vdewen6b@businessweek.com,661-871-0495,Panama,06dff6ba-5b32-44ac-8117-0dd5c8085dbe
Marylinda,Lively,mlively6c@sun.com,621-571-1645,Indonesia,2a37d0a3-0383-497a-8566-389c3c85b840
Merridie,Betham,mbetham6d@mail.ru,298-603-0268,Argentina,b3a2ef0e-e27e-477e-8170-376f125f3c9b
Aarika,Isabell,aisabell6e@hhs.gov,460-604-6255,Philippines,87026c6a-4a99-4f1a-a01e-3eb5d3d32d89
Sharron,Dellit,sdellit6f@engadget.com,486-629-4204,Indonesia,cd1f7b2b-c186-4ef9-ae9f-ae09118c85df
Filmer,Haslock(e),fhaslocke6g@deviantart.com,501-315-1879,Panama,38066212-c230-4400-a383-ec7962e7c576
Kelsy,Fortescue,kfortescue6h@dropbox.com,755-448-0747,Peru,246d5072-2d43-465b-abf9-1eda9b6bb76c
Pincus,McKibbin,pmckibbin6i@nymag.com,850-902-7299,United States,93abb8f6-4743-4307-be7f-6bf9629b5627
Cobbie,Georg,cgeorg6j@narod.ru,951-870-7859,Estonia,4df758e1-f54c-48f7-8bf7-e23bdefd8b85
Jobey,Algy,jalgy6k@redcross.org,557-326-1585,Lebanon,1fbb3da7-0b4d-4d9c-aa6a-07d370b2fd33
Randy,Fransemai,rfransemai6l@prnewswire.com,860-276-2479,Indonesia,eab91815-e237-43f1-8048-7494ca8a1c58
Kerwin,Windross,kwindross6m@myspace.com,271-495-5159,Russia,3064aeff-c69e-4f9f-b4d6-011fdc5d04a9
Kirsti,Maraga,kmaraga6n@facebook.com,648-276-3131,Poland,2874544e-962b-4056-ab8e-23ef7ce28e67
Wilbert,Gravener,wgravener6o@cornell.edu,144-762-0463,Germany,0c36722a-8bde-426a-ab0c-1684d6bf49cb
Dusty,Oleszkiewicz,doleszkiewicz6p@cbsnews.com,680-678-3345,Poland,0d409c6d-bd5f-4760-8b16-f0724cd0cc28
Winonah,Batstone,wbatstone6q@java.com,311-646-7618,Russia,4061ef63-50fc-4253-85b9-1335256bf269
Clary,Ponsford,cponsford6r@squidoo.com,925-409-4385,China,ba109f5a-08ef-4df6-a8fc-04817f60e6b5
Corbin,Maron,cmaron6s@yahoo.co.jp,457-125-6675,China,7d9bf4e3-5a90-4632-a278-44b07abfe74d
Emmy,Hinz,ehinz6t@nsw.gov.au,183-776-1574,Iraq,8573be0e-312c-4c09-9bfd-896889c76109
Raimundo,Sterricks,rsterricks6u@fastcompany.com,509-686-9854,Philippines,c66293c1-e217-4df0-b16d-821ad049aea2
Hedvig,McKibben,hmckibben6v@vistaprint.com,555-163-4589,Japan,bc65df1b-ae48-4e5a-a2e8-605ef4ce533b
Dona,Pengilley,dpengilley6w@europa.eu,667-147-2141,Peru,3641455e-d5e9-469f-bf25-c4adffc87270
Elisabet,Jovanovic,ejovanovic6x@marketwatch.com,375-927-5152,Syria,5486fb64-1fea-4465-8791-dad0d84c4e4d
Ernst,Pollie,epollie6y@mediafire.com,333-207-6080,Indonesia,8db992fe-7c0b-4c1e-9beb-fd007ce47fe5
Laurette,Ayscough,layscough6z@netvibes.com,539-952-2541,Samoa,435b85be-5f83-48b0-9785-ab3a54812964
Garwood,Spain-Gower,gspaingower70@cbc.ca,808-828-9230,Indonesia,36644578-c9df-433e-92ef-6362453b3b8a
Raynell,Rushbury,rrushbury71@vk.com,654-505-3917,Philippines,b6b5b227-4fd0-4ffb-854f-5cfeca036110
Joscelin,Shugg,jshugg72@oaic.gov.au,373-395-3783,Philippines,3c086641-998f-4188-b5b5-2c64b2224015
Andi,Durrand,adurrand73@jigsy.com,303-283-6394,Indonesia,cbd59253-f44c-4127-bc17-fe80d7af46c1
Gaston,Burnside,gburnside74@ted.com,588-635-6689,Cambodia,8e31775d-d71d-4958-aabd-5d8bfa9734a2
Helsa,Aubray,haubray75@marriott.com,926-406-1366,Brazil,13f7efd1-a64e-4ccb-8754-1201076d2a12
Nathanil,Gronaver,ngronaver76@feedburner.com,963-371-6205,China,3c91f07f-532e-4f7f-aef8-099eb22654e2
Indira,Dane,idane77@timesonline.co.uk,890-437-5769,Canada,2af1c317-f66d-4dc5-8fe9-6d0afdb8cf57
Vina,Burston,vburston78@sogou.com,416-409-2923,Russia,1031e35f-b1ac-478d-9821-c0fb9ea6ebe3
Malcolm,Runge,mrunge79@npr.org,543-527-9722,Japan,ea76ca01-8209-4bed-beda-05b4d4068aff
Rahal,Sanderson,rsanderson7a@ox.ac.uk,549-549-2188,Poland,15b39c29-3f66-4118-a6fc-331a18a9b145
Beniamino,Rawe,brawe7b@parallels.com,842-208-7850,China,08ed26a1-ed75-4db9-b57d-be3605669439
Alister,Eastam,aeastam7c@youtube.com,479-672-2336,Indonesia,40f0f466-eba6-4ca5-a911-96160303e7cb
Moria,Normavell,mnormavell7d@webeden.co.uk,178-487-7814,Russia,50bb261e-a961-43e4-8a23-f58232572a06
Isacco,Gandy,igandy7e@biblegateway.com,546-308-2414,China,4d8e2f06-78e6-4c01-abec-f8d246d5dca6
Ida,Carleman,icarleman7f@nhs.uk,351-238-2089,Kosovo,ddc69449-67ac-4ab0-8750-96ba185627bf
Sanderson,Wincom,swincom7g@huffingtonpost.com,142-204-8100,Russia,3d76e595-3f75-46c2-8c0f-5e7e9d54bf45
Tedman,Blackler,tblackler7h@state.tx.us,373-751-5658,China,2c34c5f3-2e76-4500-ad0b-39a31f0d26eb
Tucker,Matyugin,tmatyugin7i@berkeley.edu,898-332-2313,Poland,ae508e4d-0ff0-47f5-8e32-98c30a1edc53
Marquita,Trollope,mtrollope7j@nasa.gov,888-625-1206,Pakistan,2044e1b1-c308-43f2-a6e6-dff4ff45ca84
Shelton,Leaning,sleaning7k@e-recht24.de,423-140-9271,Russia,cbdf1b56-2586-4071-bd51-763c95c1fa68
Karry,Alliband,kalliband7l@youtube.com,628-216-9198,Afghanistan,19b7776f-af25-4a94-89a4-eefc5319bb8f
Gene,Winterson,gwinterson7m@seesaa.net,921-847-7788,China,8291a4fd-f183-4bcf-9413-f981995101cb
Heddi,O'Grogane,hogrogane7n@a8.net,913-325-3233,Indonesia,f3f38bba-6440-467d-8a37-fa9fb0f71cb7
Almire,Pauletto,apauletto7o@arstechnica.com,214-966-0435,United States,ffe30c93-551e-4f9c-b60a-a2875c04385c
Benedetta,Vedyasov,bvedyasov7p@studiopress.com,236-578-2513,Sweden,f9899837-af69-4c0f-8f4e-eb21283f9d93
Cello,Robun,crobun7q@tinypic.com,965-711-9735,Czech Republic,7cc3377e-0a81-4190-975b-9221cc2f71ad
Conny,Kilgrew,ckilgrew7r@typepad.com,167-515-2863,Indonesia,68119940-aff9-4bf8-b430-977f257b6eb2
Morey,Coppard,mcoppard7s@instagram.com,578-510-7251,Greece,0496914b-7075-425e-a623-c4cfadfb0409
Jacob,Grinaway,jgrinaway7t@hubpages.com,208-265-6190,Mongolia,c127d0e2-04df-4e58-b966-9220b5700ea1
Iorgos,MacFayden,imacfayden7u@gizmodo.com,471-122-4027,Poland,f81114ab-4ef8-46e4-be2c-cee49b0a6b8b
Filippo,Salvadori,fsalvadori7v@princeton.edu,718-230-7317,Mongolia,68e68b64-0d99-4353-b038-7da15acea7d0
Staffard,Clare,sclare7w@altervista.org,414-324-6071,Russia,74913048-34a4-4989-8597-ad523cef5319
Lindy,Lailey,llailey7x@oracle.com,946-960-3144,Indonesia,b85b9a0a-8206-4e34-9c25-1be0b217c92f
Bobby,Cruickshanks,bcruickshanks7y@comsenz.com,999-440-4143,Portugal,e34fa47e-360b-441d-81fd-6a3db5618712
Hank,Kingswood,hkingswood7z@plala.or.jp,149-940-8631,Ukraine,6ef82127-ea99-4bff-8d42-e4ada4e7df96
Ashla,Pattle,apattle80@sphinn.com,832-797-6786,Philippines,1c705f1a-75a3-4e28-8f2d-26d532867ec8
Emelen,Broxis,ebroxis81@japanpost.jp,504-209-9523,Poland,9858cff5-4a61-46de-99bb-dba3f85b1245
Dillon,Aven,daven82@wix.com,276-587-9344,Philippines,249e84e0-d125-4e20-8d78-ab7833b329d7
Marven,Sheehan,msheehan83@weather.com,571-214-6248,Portugal,eff7708f-69b8-49a3-9ec5-c2f0cffccd48
Charity,Barreau,cbarreau84@uol.com.br,196-614-9324,Cuba,4b73c4f1-af95-4ff8-9fe7-ee196857aede
Jarrad,Callendar,jcallendar85@jiathis.com,366-641-6900,Indonesia,7efc171b-dd2e-409a-a099-2bc9be4665a0
Anders,McAsgill,amcasgill86@tinyurl.com,223-872-3450,Poland,8abee19e-c970-4770-8414-330a8d3647a5
Amargo,Kennedy,akennedy87@psu.edu,189-271-0085,China,bbd1e3eb-88ab-4584-a1b9-fc3bc900b6f9
Waly,Greatex,wgreatex88@rakuten.co.jp,788-412-7120,China,f14933e6-2d63-4d8a-952c-78e11d4c1998
Danette,Bedenham,dbedenham89@baidu.com,328-222-2504,Japan,1f15589c-f529-4787-9f9a-6e9a0403dd8d
Xenos,Ojeda,xojeda8a@cisco.com,165-637-3227,Philippines,842007c6-75dc-4b63-b3c3-171ec8e09a0e
Sal,Gerish,sgerish8b@bloglines.com,486-391-4818,Portugal,c1ce76e8-cdc2-4011-976c-3823d55c8188
Ellen,Dunguy,edunguy8c@hud.gov,637-493-4744,Argentina,c32c0b20-6b26-441d-a1ca-944be1ec3526
Baryram,Brudenell,bbrudenell8d@tamu.edu,998-653-4672,Russia,88f15492-c6bb-42b2-a025-b1e7832b8569
Farr,Madoc-Jones,fmadocjones8e@google.nl,717-360-0805,China,fc3fcbe0-ddc0-4548-9cf3-99daf3fe099a
Oralla,Abby,oabby8f@walmart.com,202-833-8321,United States,7b57f1ed-7908-4a37-bbea-5435df513821
Toinette,Brasseur,tbrasseur8g@so-net.ne.jp,702-826-4523,United States,745ad79e-7005-444b-b9c4-cab36f812534
Romy,Kigelman,rkigelman8h@nhs.uk,589-298-2365,China,efce3dee-34b3-4487-98af-e1989f8bb510
Jilli,Mateuszczyk,jmateuszczyk8i@cnbc.com,368-890-2455,Czech Republic,8305cc42-8e8f-4228-8aa2-e1d036d4ec89
Daveen,Hindmore,dhindmore8j@fc2.com,446-880-6982,Ethiopia,f0a4ac03-bc04-4911-95f2-064abe3ed137
Ambrosi,Dobbin,adobbin8k@yahoo.co.jp,518-337-6425,China,a8a2cdf1-9ebf-42da-933d-4509e8a33d30
Marley,Venables,mvenables8l@sourceforge.net,989-768-0045,China,d824102a-d1fc-48ab-964a-a19b59403d98
Maribelle,Rogeon,mrogeon8m@apple.com,424-985-1262,China,94a0c565-29af-4c74-aa9d-1006ae9ee7a1
Alyss,Lindholm,alindholm8n@tripod.com,129-792-9881,Argentina,d4cd24bf-2a16-4875-ad07-681b31632b5f
Wilhelm,McGilbon,wmcgilbon8o@reuters.com,393-282-6857,Nauru,d44b4640-39de-464a-9357-889b4f51048a
Emery,Helkin,ehelkin8p@nationalgeographic.com,188-718-0443,Brazil,f4eb3dd3-5388-4cef-9219-a611e4050326
Christian,Clinkard,cclinkard8q@weather.com,360-956-7196,Palestinian Territory,a6fac129-0796-4c96-8ec6-6d54de85a945
Reggie,McEntagart,rmcentagart8r@dropbox.com,874-484-8306,Russia,a7063c28-c2e9-4239-a97f-90be2e3a0ed4
Amabel,Duguid,aduguid8s@icq.com,430-845-1016,France,ce4b7983-3e70-483a-b6ca-417a3af77c05
Damian,Puckrin,dpuckrin8t@dion.ne.jp,753-870-6010,France,208bb849-0ccf-45ac-b054-3fc55d19507a
Albertine,Rolls,arolls8u@over-blog.com,710-139-5535,Czech Republic,214e8e25-0bc3-4b28-af86-bafcf9a206ff
Tabbie,Fadian,tfadian8v@un.org,425-168-3003,China,b0516485-0679-40d7-a821-7cb764c3a502
Esmaria,Roughsedge,eroughsedge8w@theatlantic.com,318-948-2298,Cameroon,ae94872b-f4bc-4776-aa1a-b02de9e75eb4
Pip,Sherborn,psherborn8x@w3.org,315-814-8147,China,77963ebd-f3c7-4e06-87f0-58414456a77b
Doria,Lawles,dlawles8y@reference.com,540-133-1702,Russia,c7ce989f-f22a-48a2-9fbe-fc1237572ba6
Lilith,Leathem,lleathem8z@posterous.com,284-596-2149,China,3e46cc86-cc2b-4722-b80f-33dedacfd311
Darell,Freebury,dfreebury90@noaa.gov,451-300-0472,China,e604632c-e461-4b1e-abda-62e38cc71708
Jenifer,Shaudfurth,jshaudfurth91@discovery.com,616-942-7963,Vietnam,bb25a7c0-0db0-437b-ac29-6082b2d816e6
Noemi,Kirrage,nkirrage92@addtoany.com,253-512-9523,Indonesia,746e31ea-399a-4215-8741-99e79417acd4
Ludvig,Reschke,lreschke93@nifty.com,606-198-7533,Indonesia,76466c60-27de-4c45-96ff-0ffa028b36a7
Isabelle,Banaszkiewicz,ibanaszkiewicz94@pagesperso-orange.fr,433-262-3138,Somalia,121a639b-a925-4094-951e-b0a3d7bacbe0
Erminie,Wakerley,ewakerley95@usda.gov,899-963-3555,China,e854b82f-c44e-44f9-bfc6-54dd94652453
Mimi,Liven,mliven96@yahoo.co.jp,336-988-8010,Russia,bd44e271-38ae-489d-abfd-a6c22f1be3b5
Ludwig,Kilbourn,lkilbourn97@xing.com,616-348-8893,Indonesia,128c1862-e04a-4c42-8666-3563ce2f819d
Jaimie,Weeds,jweeds98@nytimes.com,326-212-8364,China,39e571eb-2abc-4955-9205-a4dbba5b7f94
Thea,Iuorio,tiuorio99@hc360.com,405-718-1199,Brazil,9957efd1-54cb-40a0-9f4b-5823bae17dfe
Madelle,Larimer,mlarimer9a@twitter.com,315-388-7546,Colombia,30e0e017-3b80-4af4-b2a2-bdcc55115d6e
Dore,Carpenter,dcarpenter9b@fc2.com,605-577-7494,Portugal,424a8c6b-55e8-462e-89cc-5b96ff0cce66
Maxie,Week,mweek9c@wisc.edu,622-210-7570,Poland,db0e0d98-f2c1-44ad-af18-8b9e0e723430
Fredrick,Landsbury,flandsbury9d@comsenz.com,754-842-4402,Indonesia,24b57db8-ea4d-4e87-86e8-449553c3d26f
Leicester,Ives,lives9e@soup.io,894-539-1156,China,40114c0c-f827-4c50-a5be-843a271a8ac2
Rollo,O'Fielly,rofielly9f@dell.com,492-890-7309,Ecuador,f2853b15-c5eb-4e62-a27b-fbc6a6e9ceb7
Earle,Sparkwell,esparkwell9g@lycos.com,269-295-4699,Philippines,e3834ee2-b6a5-4b6f-9279-e3e8bf3f7440
Niall,Hrihorovich,nhrihorovich9h@aol.com,519-136-7714,Brazil,8aea7a3c-04ae-4bee-958f-fcaa042e3ae3
Flynn,Orrill,forrill9i@google.es,572-766-2369,Thailand,62e4ba9a-94fe-4044-ba4c-53f0d90d1d11
Sibyl,Joscelyn,sjoscelyn9j@usnews.com,377-601-2912,Sweden,59db0789-0bdb-452e-acd0-2a3e79d7cf78
Mikey,Prozescky,mprozescky9k@nbcnews.com,190-353-0693,China,8aec04b9-7187-4360-8010-8f84c715876f
Gwennie,Jocic,gjocic9l@mail.ru,944-168-8460,Canada,004452ed-8bbd-4be0-a4a6-b54329334424
Jerald,McGarrahan,jmcgarrahan9m@bloomberg.com,594-337-1808,China,dce722f0-3e6c-4827-9ccf-242239b9faf8
Verile,Merrilees,vmerrilees9n@simplemachines.org,669-345-3636,Indonesia,b482a3c9-94a9-4d84-8de7-cb58d59e5294
Carmine,Regnard,cregnard9o@ox.ac.uk,113-180-4445,Russia,c9618c91-9428-4ea0-97db-37e21fa2dac9
Timothy,Whitcher,twhitcher9p@soundcloud.com,665-166-3274,Brazil,adc687f2-0cd4-42d9-87c9-576efbb32447
Kettie,Munnion,kmunnion9q@e-recht24.de,274-407-0912,Indonesia,b009a45c-18bf-4143-a6ca-63a206667376
Federico,Hurrell,fhurrell9r@baidu.com,272-309-2910,China,6c4607d0-a30c-4e41-b76a-3950f5eef2ab
Corena,Deeney,cdeeney9s@ihg.com,297-337-7324,China,6b5ccee0-968d-4fe1-94fd-5a6ccf67d862
Ailey,MacSweeney,amacsweeney9t@twitter.com,562-992-3510,Palestinian Territory,57cf6c3d-390a-43f9-bddc-406e407fde98
Bernadene,Allsup,ballsup9u@list-manage.com,647-702-3288,Philippines,9a4562a9-88f2-4d30-b888-7ad4ab15f49a
Obadiah,Agius,oagius9v@dailymotion.com,283-596-4639,Mexico,e12fbd54-1946-4c81-9d52-d189055fd156
Vance,Brehaut,vbrehaut9w@dion.ne.jp,918-967-4596,Mongolia,519cb70f-940d-4043-8d08-81a043770dc8
Dare,Josey,djosey9x@edublogs.org,274-176-1080,Sweden,1c0ab801-dfe0-43cc-87ef-7e2ae54c4dd3
Arv,Burnside,aburnside9y@fema.gov,459-165-3808,Indonesia,b595028b-ffc3-4e43-a942-11d094b953a2
Francyne,Hatterslay,fhatterslay9z@tmall.com,247-675-8645,Mexico,e0481289-6f77-4017-9e67-c8ce176751ad
Deeanne,Cowden,dcowdena0@taobao.com,481-815-9083,Iran,f8b650c9-2626-4caf-8474-c85ce87f6ca7
Emeline,Tongue,etonguea1@digg.com,997-314-1759,Czech Republic,2df8b3df-d255-40c3-83df-4cf16a7bcb43
Jerrilyn,Tax,jtaxa2@istockphoto.com,798-436-8265,Mexico,387c3466-7f23-4a04-8243-7672fad76be3
Gretchen,Steljes,gsteljesa3@scribd.com,645-592-7339,Belarus,e4fb1abd-8357-49b9-af32-9b1ec52dade2
Wallace,Jann,wjanna4@google.cn,120-810-0929,Russia,ebbbdac3-38ca-48a0-b46f-f050e12f12d6
Crissie,Jahner,cjahnera5@ihg.com,325-516-7439,Bulgaria,e701d024-7b41-4aec-89ee-a25bc0e11732
Niall,Rountree,nrountreea6@newyorker.com,180-213-4849,Indonesia,92a4564b-fd52-4ced-9205-b871169999da
Temple,Das,tdasa7@aboutads.info,321-498-7931,Curacao,b05f3581-9379-432f-85ff-b49ce9532603
Patrick,Cowley,pcowleya8@canalblog.com,727-422-9990,Russia,b917277a-d34a-4816-99d1-1e0ea8acc488
Maurizio,Standish-Brooks,mstandishbrooksa9@loc.gov,342-829-7666,Serbia,469b7a5d-a827-4852-b7ff-7772d15cbee2
Laird,Smaleman,lsmalemanaa@webmd.com,250-687-3655,Panama,f4a23256-7575-4dec-9b2f-73a866ba36a7
Mariele,Ramplee,mrampleeab@unicef.org,224-666-8747,Peru,3f7939bd-4027-470f-9043-b67c6a669172
Rabi,Gyrgorcewicx,rgyrgorcewicxac@wix.com,555-828-6713,Russia,63263b42-b488-416e-a8ee-cec095719984
Annnora,Kinney,akinneyad@washington.edu,836-394-1562,Lithuania,d2410699-af24-41c2-851b-6f7f3b015128
Bailey,Jay,bjayae@npr.org,537-600-3371,Canada,bfb22c0d-bd2b-4180-bb1a-78e7a1ea2efd
Caddric,Harrigan,charriganaf@dion.ne.jp,721-127-9379,Russia,71ad259a-da8d-42ae-a420-56b61bffe0f8
Eve,MacMurray,emacmurrayag@dailymail.co.uk,591-798-5616,Sweden,1b3e889a-ab6d-4602-84bb-548567a46215
Dulsea,Fintoph,dfintophah@linkedin.com,206-344-5391,United States,04a2b074-1227-4a9c-812c-e3b0d3ea1c55
Carole,Hasselby,chasselbyai@ft.com,252-832-6001,Czech Republic,6ce39480-5b96-486e-97f3-4db597652ef0
Thalia,Ravenhills,travenhillsaj@myspace.com,897-726-6841,Guatemala,e7ad33c8-b150-4142-845b-c4cfeb0ee07e
Gilli,Walenta,gwalentaak@zimbio.com,455-504-5016,Portugal,2fd302c4-5d51-46cd-95e4-3c4b780af881
Katalin,Knowling,kknowlingal@businessinsider.com,403-697-1646,Russia,be5aacbc-484c-430c-b763-f99f1450f78a
Elysia,Rolse,erolseam@1und1.de,117-270-0177,Russia,f002fffc-3ca2-46fd-8fe7-f9563f4a3396
Portie,Hidderley,phidderleyan@oaic.gov.au,413-892-1593,France,28c293fd-2422-439d-80e9-3b3717b83e68
Kendrick,Worral,kworralao@goo.gl,490-198-8535,Philippines,ac52d575-b6b6-468e-bbb1-ec0c3ce40504
Jeannette,de Lloyd,jdelloydap@live.com,280-920-3186,Russia,4ae44a9e-3005-49e8-b616-497b32926361
Cher,Haster,chasteraq@bbb.org,915-524-8080,United States,589a6bf0-ef4c-4e62-8c7f-836e5acf4cc0
Dillie,Keer,dkeerar@google.pl,123-476-5789,Dominican Republic,5e676a4f-ffa5-4ed7-9764-77ae902a6315
Colene,Bartley,cbartleyas@foxnews.com,166-443-8806,Belarus,48e4ebba-9d15-4b55-9661-d8fcb23f00e1
Jemima,Pawelski,jpawelskiat@tuttocitta.it,209-561-3841,Indonesia,ed4ef272-87c9-42c4-a8c6-3b3f3afae7b6
Augustus,Goodhay,agoodhayau@arstechnica.com,937-160-9449,Burkina Faso,c14a46b6-b5b9-4498-a2e3-dd75f8a0905c
Reeba,Redrup,rredrupav@irs.gov,351-769-9170,China,c5bf5978-0aa6-49da-ad61-3d14d1c49757
Laney,Livick,llivickaw@un.org,949-128-7955,Russia,eea87c1d-92ec-4c71-9498-30bf29357433
Huberto,Blatchford,hblatchfordax@blogspot.com,837-702-7186,Bangladesh,531cc876-fa2c-4a95-8f8e-e670458d4f05
Melinde,Playford,mplayforday@google.ca,638-788-1908,China,bda0d26c-06c0-4b6e-9773-666c85829cba
Damien,Ollarenshaw,dollarenshawaz@alexa.com,929-110-7433,Libya,27fb938c-b3dc-4161-a75f-9066c62d2228
Alexander,Statersfield,astatersfieldb0@telegraph.co.uk,745-731-5828,Indonesia,8046fff9-97f0-42d3-8fb6-bfc39c169385
Bryn,Hagyard,bhagyardb1@abc.net.au,414-730-4782,Venezuela,f9c1cbe4-d5f5-48ca-afaf-bdfb77d2ddea
Sheila,Staggs,sstaggsb2@xinhuanet.com,731-406-3712,Portugal,41179364-5c87-4d2c-a298-a0e874415ff0
Hewett,Amiranda,hamirandab3@cnn.com,623-158-8713,China,9aca675f-3ee2-459b-9f86-986dbe3b6de0
Dannye,Draco,ddracob4@howstuffworks.com,674-343-2431,Argentina,7867a8e7-72c5-43b8-a780-727296b22312
Joanna,Doman,jdomanb5@multiply.com,991-129-0723,Indonesia,b1bbd5b9-e148-44db-a40c-94cec6a31757
Elbertine,Stelfox,estelfoxb6@reference.com,814-916-8438,China,be40de4a-0673-4f30-b4a7-fd549865dfab
Bibbye,Allchorn,ballchornb7@fc2.com,397-508-2650,Portugal,91b64a17-d21a-43d7-861e-e805280692d3
Joshuah,Filer,jfilerb8@blogger.com,344-936-4782,China,8e76fef4-285b-4746-b697-74ab57d4c62d
Stace,Buffy,sbuffyb9@lulu.com,755-520-1654,Zimbabwe,afd5f06a-db89-4779-a3dd-a1b4e91de9a6
Bronny,Waddoups,bwaddoupsba@statcounter.com,786-178-5460,France,9af68851-f0f3-4ced-9738-ec176e0ebb75
Bud,O' Donohue,bodonohuebb@ucoz.ru,844-161-6094,Brazil,aa53bbc7-8195-4604-9af1-9aa185332077
Nara,Scandred,nscandredbc@wordpress.org,536-393-3155,France,b93c5d7b-a9ff-4165-aae2-173dbf75de26
Erin,Illsley,eillsleybd@umn.edu,644-811-3597,Oman,b1e73339-3fe3-4f31-aca1-d42b065ff380
Tiffy,Eddies,teddiesbe@google.nl,293-776-2848,Croatia,d153c7fc-6dcb-4c16-ae81-ca7bc34d40e0
Rand,Fundell,rfundellbf@answers.com,922-480-0039,Peru,34973021-bd0e-41b6-a5b1-6baf0e0f6e0f
Rouvin,Kees,rkeesbg@artisteer.com,229-988-8411,Poland,d2f96963-9f49-4e2d-9d6b-69b9a5e67269
Lindsey,Dalliwatr,ldalliwatrbh@desdev.cn,486-457-0079,Indonesia,826cca66-087e-4cea-9a90-24ac8918cdf7
Sula,Arsmith,sarsmithbi@de.vu,577-742-5320,Egypt,6a0dc5cc-4469-42fb-82b1-b9eba901edea
Jeniffer,Lavin,jlavinbj@typepad.com,738-173-2749,South Africa,b7ec53c4-f990-4265-9eae-20f7a765b13f
Drugi,Iscowitz,discowitzbk@chron.com,219-870-0459,Chile,bedd3720-9ab2-4cc2-834e-be23f38b4855
Michael,Oaten,moatenbl@hao123.com,392-321-4500,Sweden,2dba33a0-7927-4033-8e2f-fb08fc4e1708
Nevsa,Haslin,nhaslinbm@people.com.cn,929-763-9478,Libya,18fdcaf6-06e8-4a6e-930c-afb2e33a5cb1
Rowen,Gullberg,rgullbergbn@bloglines.com,882-282-5502,Afghanistan,d223c8a4-90b2-44a0-9bb8-a59e18a9da2c
Guenna,Eccleston,gecclestonbo@godaddy.com,235-261-5027,Malaysia,11c3022f-1bf6-4b47-8859-a80d28c2cd84
Jewelle,Ruggen,jruggenbp@comsenz.com,434-216-9641,China,0b623651-4d8f-4d37-b2d1-23dab1db87eb
Parker,Skep,pskepbq@freewebs.com,930-885-0221,Russia,50877555-5d55-4c3e-82b4-647967e30fa0
Oliy,Kolyagin,okolyaginbr@msn.com,187-183-1420,China,4773a28f-8639-4ce8-91f7-726271d49c40
Victor,Triplow,vtriplowbs@google.pl,201-313-2288,Poland,8cebc4dd-8004-4c7f-b829-dc9883e7d3eb
Sutton,Bayne,sbaynebt@sciencedirect.com,960-220-9596,Philippines,07c0dc8f-d211-4e94-91c1-bfb51ecdaa78
Virgie,Stefi,vstefibu@sina.com.cn,814-442-2465,Finland,30fc8372-c8db-45fc-9657-d14d5976471f
Giacinta,Dudin,gdudinbv@columbia.edu,275-273-4476,South Africa,52e590b3-32ce-493c-a30e-7e803529c3e3
Aldwin,Cobbledick,acobbledickbw@europa.eu,743-507-4280,Colombia,935ac01f-c69a-4a88-a68e-34eca5fdad66
Cassi,Reedie,creediebx@blogspot.com,299-477-5803,Indonesia,e29cdddc-237a-4f7c-84ae-6c7b6a025b33
Lucie,McCartney,lmccartneyby@wordpress.org,699-109-8451,France,70866423-6b51-4ca6-bf4a-7db982d3631a
Ferrell,Godin,fgodinbz@xing.com,239-683-8744,China,502989c9-d6cd-44aa-aa3b-e0834b0db8eb
Lavinia,M'cowis,lmcowisc0@msn.com,742-673-0465,Japan,d796e225-d96a-421a-bd07-466c9c510465
Filippa,Sherlock,fsherlockc1@booking.com,410-212-4862,Indonesia,6a61ba17-7912-4aa1-ba24-545959844980
Kerstin,Forsdike,kforsdikec2@gov.uk,840-953-5977,Sweden,e40e230a-6715-4fd0-9026-4573307392b4
Tan,Seiller,tseillerc3@over-blog.com,757-749-5479,Poland,e25b9b39-676e-4b2e-be6b-ce2f18897eb4
Shannon,Strowlger,sstrowlgerc4@blogtalkradio.com,414-634-5623,Indonesia,b67faec1-8e6d-46b1-9510-c988f3f4397b
Rowen,Dubbin,rdubbinc5@telegraph.co.uk,273-737-9095,Albania,54ccfb59-4201-4216-af18-92fb19bf60a5
Yehudit,Dowden,ydowdenc6@bravesites.com,759-160-4649,Tanzania,950a8e9b-4eca-47ae-87b5-7c4e041b3f94
Nola,Dunks,ndunksc7@merriam-webster.com,316-201-6908,Syria,dd31d0c0-9a56-465d-b843-49a67488912a
Merwin,Khidr,mkhidrc8@nature.com,957-644-5411,Indonesia,c9194076-1f30-45e1-9b07-52dff7a73932
Clarance,Carff,ccarffc9@yellowpages.com,283-944-6425,Brazil,9fdfd871-6e42-4eb5-9b82-1912b0f97a73
Ninette,Dalgarnowch,ndalgarnowchca@vinaora.com,413-981-7601,United States,cc5e8b2f-f14f-4dcb-bdfb-53c8834797a2
Hiram,Gaither,hgaithercb@desdev.cn,983-780-5291,Slovenia,fb2ad449-ba7e-4e9a-ba21-d41e39ff4377
Mavra,Haddinton,mhaddintoncc@gravatar.com,360-212-1846,United Kingdom,4cd07f21-de1f-4fb1-915a-53f84d71ca13
Lexi,Mival,lmivalcd@cnn.com,437-674-8782,Republic of the Congo,67bcb82a-2b35-462f-9c4a-74452c096b50
Luigi,Shopcott,lshopcottce@is.gd,542-536-7025,Haiti,cd6aa56b-2eaf-435b-9752-3ee0b3311ee8
Tamarah,Spurden,tspurdencf@tinypic.com,794-294-8527,Denmark,f7b28afd-7958-4c2e-85f3-20287d1ce2f5
Linnea,Alberts,lalbertscg@cnbc.com,895-431-8604,Thailand,3e8c3510-21bf-4095-acb9-1e9908d6e424
Tanhya,Dunsford,tdunsfordch@rakuten.co.jp,855-275-4677,Greece,3f0b6afd-c952-4681-aa1e-a1f8f0066bbe
Willi,Pearde,wpeardeci@taobao.com,549-347-5888,Philippines,1575da9c-0d0c-471b-bf66-342fd8153687
Giles,Moverley,gmoverleycj@theguardian.com,393-820-2883,Brazil,84bec217-cc1a-4548-9def-5475c13ab780
Timmie,Lamas,tlamasck@stumbleupon.com,644-227-2171,China,45099877-694c-4600-af08-7d07a99afb63
Chico,Jebb,cjebbcl@biblegateway.com,363-476-6175,Philippines,19357616-3c4c-40c2-a3da-b1f7dd9e6b1a
Boone,Cornfield,bcornfieldcm@shop-pro.jp,213-597-8827,Afghanistan,fc0ec120-752f-4e2e-8b6c-3de8b4a3dae3
Delly,Leathers,dleatherscn@house.gov,755-738-5728,Botswana,c9d8c443-e67a-4938-aa63-776f321af455
Rance,Brobeck,rbrobeckco@time.com,167-786-4358,Peru,13da402d-1797-4053-9785-bff80b86e925
Brittany,Klimov,bklimovcp@fc2.com,137-823-9582,Brazil,f848e43e-20e4-45ed-8553-cf424f65f24f
Leslie,Zapatero,lzapaterocq@163.com,631-563-7387,China,eac4425b-003d-42c7-adee-2de8d3b21bc4
Torie,Halms,thalmscr@discuz.net,401-375-5679,Russia,a12e2c75-9aca-4fee-b265-c63dcd002081
Norri,Rash,nrashcs@google.ca,248-556-5376,France,e21835f3-07ea-494f-a251-f23ef2b03615
Ariella,Yosifov,ayosifovct@myspace.com,890-459-1873,Mauritania,543b9c3b-0b66-4272-ad74-b2f913c836eb
Guilbert,Hambright,ghambrightcu@multiply.com,615-577-5851,Czech Republic,de257e3b-7c0c-445e-b6cc-55a4a90e6ba0
Sharron,Gainsboro,sgainsborocv@latimes.com,438-263-7959,Bangladesh,c468922f-ecb1-4924-a61a-eb5274e17f18
Kristal,Reneke,krenekecw@devhub.com,601-205-9120,Japan,4293efb8-7ffd-47b9-bed5-dbda1abeee2b
Hope,Puckring,hpuckringcx@ox.ac.uk,932-762-6257,Portugal,ac33e4b1-25ee-44a2-beec-b5501fdd0b9b
Alexio,Tatteshall,atatteshallcy@illinois.edu,823-459-6706,China,dd289253-dcd5-4865-b48f-64fdf9e0a105
Sophia,Shackelton,sshackeltoncz@dailymail.co.uk,942-331-0451,China,65eea419-cf8c-4b7f-93d5-a42bf05aeeb6
Virgil,Napolione,vnapolioned0@illinois.edu,506-331-2625,Indonesia,fe79ba94-b12a-4a45-8c59-595420641a8a
Juliette,Boutwell,jboutwelld1@mlb.com,485-921-4069,Malaysia,1ae75071-74a9-46e1-b1e4-54897f5529b2
Trstram,Tytcomb,ttytcombd2@moonfruit.com,136-260-4003,Indonesia,e159f7bd-d069-477e-9272-2254c9925ab6
Carley,Charkham,ccharkhamd3@usda.gov,544-826-2403,Brazil,8f7f480c-0be8-42e1-a857-5b8aa9254d0a
Abbye,Job,ajobd4@marketwatch.com,520-881-9109,Portugal,f4fbe768-23b5-465b-92f6-08cf2cbdd34c
Malinde,Aubery,mauberyd5@parallels.com,620-190-6284,Indonesia,43b766db-b9ca-4ac9-b28d-bfb21f9b466f
Desirae,Bountiff,dbountiffd6@samsung.com,994-161-2450,Brazil,262dc472-6f95-4f8b-b0a7-e3549ad1c0da
Tedda,Braizier,tbraizierd7@sitemeter.com,350-288-7811,Sweden,1b69dd00-17bb-4097-8164-49815007f151
Shirley,Vasilischev,svasilischevd8@sun.com,955-271-9832,Indonesia,d04999b8-7466-422b-afc8-6f75b15a5057
Sampson,Stillgoe,sstillgoed9@instagram.com,312-939-2167,Vietnam,4e558798-aa43-4b37-ab96-72d93ade9890
Gregoor,Fontanet,gfontanetda@ebay.com,430-309-7317,Honduras,77092053-37df-4ad2-ac35-3f29384d6996
Thomasa,Ewer,tewerdb@squidoo.com,673-157-5351,Thailand,7aff8699-2fd3-4a09-8d06-10ec6a57db58
Inessa,Plet,ipletdc@washington.edu,256-966-2464,China,48790326-7a0d-46ec-b1da-90a9e294966e
Beth,Smallwood,bsmallwooddd@webmd.com,630-722-0594,Indonesia,0ad0af69-5aed-4f64-9bb1-66edc02bdb6d
Marigold,Philips,mphilipsde@delicious.com,522-237-7612,Ukraine,70394337-37df-4759-94df-08b6b25cd338
Filmer,Fairbairn,ffairbairndf@usgs.gov,986-538-3591,Russia,3ba2a7af-ddcd-45d5-9834-0b13d27888e1
Daniel,Jonson,djonsondg@trellian.com,510-449-8172,Brazil,7dc3c078-cb23-4f20-9a14-44201258b64e
Constanta,Storres,cstorresdh@reuters.com,339-401-5672,Russia,d8eeaf90-f433-4505-8680-3d23abea11b5
Ninnette,Meier,nmeierdi@gizmodo.com,714-989-8349,Russia,6e52375f-12bb-4e12-870e-b06d97f716d7
Gerda,Scouler,gscoulerdj@reddit.com,819-953-6404,Greece,dcd13a42-7217-4696-966c-2340a3082dd2
Shandie,Selkirk,sselkirkdk@miitbeian.gov.cn,772-224-2948,Morocco,f7524c8a-cbd9-4dbd-85fa-2ce9e602279e
Care,Gerlack,cgerlackdl@github.io,125-492-9599,Pakistan,834819bb-17d9-44fc-9be5-391505f4cad4
Packston,Minty,pmintydm@nyu.edu,222-215-8301,Russia,3ca383c0-ea83-4fa8-960c-b614dd85b276
Brande,McEvon,bmcevondn@desdev.cn,290-802-5754,China,9f23c21c-85af-4ccb-bf39-ecc6f0c227ac
Yule,Peppard,ypepparddo@goo.gl,578-328-7292,Portugal,022f4c53-7254-469b-a6c2-fd5545d671ae
Algernon,Sheward,ashewarddp@bravesites.com,102-587-1419,Pakistan,bdc57e62-f415-4cd4-b978-4fa93c7adb81
Byran,Farreil,bfarreildq@sbwire.com,686-571-3326,Portugal,b31e3597-c3cc-4fa7-9976-25d428c40993
Sydel,Essel,sesseldr@google.pl,146-408-9834,Indonesia,726c6a3f-f8fb-43f2-93d0-1e26c89120db
Taddeusz,Rozalski,trozalskids@ocn.ne.jp,838-245-0354,Colombia,4cd9fc3a-9cda-4367-a12d-30d00ed65b28
Eloisa,McKoy,emckoydt@foxnews.com,476-438-3771,Thailand,7d8c7cde-b237-4ec0-838b-e2e784e9d57f
Jarvis,Ivermee,jivermeedu@ucoz.com,463-506-2706,Sudan,ff722612-6e04-4afe-b7c1-59907a644e15
Camellia,Trundle,ctrundledv@fotki.com,671-191-1024,Indonesia,31971d9e-7a18-4637-a0c3-e605cae5eb29
Thorstein,Trusty,ttrustydw@paginegialle.it,494-829-5920,Macedonia,a850ca19-715c-455d-80a2-6101bd78cbca
Cullen,Creighton,ccreightondx@networksolutions.com,941-494-2417,Russia,11a73841-b3fb-4970-8a20-dd164177c352
Ricki,Worland,rworlanddy@chicagotribune.com,829-629-4823,Philippines,c2b01272-abae-4d24-966e-9c4abdc4dfaa
Rubia,Filipowicz,rfilipowiczdz@wiley.com,671-838-5221,France,921f1b71-b71b-40f7-bfb2-e5529971be8f
Sherwin,Jeakins,sjeakinse0@npr.org,987-795-0291,China,155bc71a-cc9f-4cde-bf31-fe8b9200559f
Bradney,Nilges,bnilgese1@tmall.com,827-711-6463,Guatemala,fec0e084-02dc-483b-92e0-e51400053b19
Corly,Rumin,crumine2@cargocollective.com,337-138-7177,China,0836ff5b-66c0-4342-a9a1-118ddf4fd657
Roxanna,Jerrome,rjerromee3@opensource.org,483-935-8845,Colombia,5baaeb40-b0b6-4fbc-a871-839259b578cb
Rey,Adolfsen,radolfsene4@narod.ru,335-303-8063,China,d9bf1434-dd36-45c4-bab4-dd06fc32859a
Alethea,Gow,agowe5@google.com.hk,335-393-3571,Portugal,6bf97635-1c1c-410d-ad75-99eacd2a5469
Meryl,Lorking,mlorkinge6@ycombinator.com,400-534-8356,Brazil,2882e03b-0800-49e1-a92d-f2058dd18605
Tymothy,Abelovitz,tabelovitze7@bigcartel.com,614-819-4285,Philippines,da9f6ee3-81a0-4b79-b969-635f7e5b6028
Rafaelita,Leifer,rleifere8@loc.gov,362-373-3709,China,030a1074-2d39-4300-9c4e-ea1504db7dd7
Jeromy,Bes,jbese9@scribd.com,278-572-4111,Brazil,9fdde958-f16c-491a-bffe-359ffc411bb9
Tuckie,Perett,tperettea@illinois.edu,401-765-7131,China,cd25470e-112e-44bd-aaad-3306774b0459
Georgiana,Elles,gelleseb@spiegel.de,954-703-9426,Indonesia,493be322-f719-4bb1-820c-a973a63c9010
Harris,Iwaszkiewicz,hiwaszkiewiczec@apache.org,127-780-5868,Honduras,6592d888-1a8f-4d0d-8c3d-4b2efe68b1f4
Gabe,Akehurst,gakehursted@google.ru,330-385-3141,China,8f7c054e-3d48-4645-a822-4b97a99ffc29
Kerk,Blakebrough,kblakebroughee@dion.ne.jp,429-150-5891,Indonesia,081175e9-6659-45f8-97d9-b23838de7099
Matty,Vossgen,mvossgenef@nbcnews.com,299-500-7861,China,52cb710c-2d1c-4412-81d8-48204714a91f
Emyle,Spong,espongeg@latimes.com,184-763-7359,Portugal,98cee52d-635a-4d72-ad63-838e281542b3
Gaile,Billows,gbillowseh@irs.gov,320-285-0958,China,c8226a73-7b9b-47b6-9d4a-8d42a4b6122d
Benetta,Rowet,browetei@psu.edu,999-248-9422,Greece,1d3e9c85-88ad-48c8-8efe-af437ebd8a0b
Andrea,Pflieger,apfliegerej@japanpost.jp,251-616-9956,China,c7b36f7d-043e-46c5-9e52-5ada690e9a9e
Madlen,Weyman,mweymanek@psu.edu,296-950-3360,Myanmar,f4b1b67d-6141-4567-89e3-b564e6c6ea9a
Algernon,McAw,amcawel@home.pl,955-231-5079,China,ce5b9f2f-3d6b-4397-a57c-41e6ab7924c3
Doris,Crews,dcrewsem@cocolog-nifty.com,657-875-8472,China,e3d16ea9-03db-41fd-9ad8-15a0b58037d4
Fidelio,Gilhouley,fgilhouleyen@cisco.com,448-145-7259,Brazil,33efb7b2-3da4-4957-96b1-c7c8c109e0bd
Alexei,Hansana,ahansanaeo@microsoft.com,379-861-3206,Sweden,28171a2a-b632-4daf-93c4-fd82abb52c41
Chas,Helliwell,chelliwellep@microsoft.com,686-527-9965,Philippines,56365dbb-174a-495b-8da0-b5f658c525d0
Levey,Posselt,lposselteq@army.mil,437-305-4584,Belarus,f9872062-2cfd-4b28-8f80-2f1c97de9148
Stanislas,Cristofori,scristoforier@epa.gov,516-264-4478,North Korea,4706f21c-1e5b-45d4-b0ae-bf49ea098da8
Dory,Scutcheon,dscutcheones@nbcnews.com,748-289-1516,China,e1394ca8-c899-470b-ab86-d59da2f84f57
Xavier,Organer,xorganeret@state.tx.us,766-196-2166,Poland,035aa957-f9a3-485a-b087-c7febca658dd
Norris,Red,nredeu@youtube.com,829-286-9934,Vietnam,b12b767d-9439-4503-9d86-748415e3b5cc
Emelda,Gobat,egobatev@amazon.co.jp,303-958-1748,Dominican Republic,ea895e88-d681-4367-a9b9-312d04173e2c
Juliet,Marien,jmarienew@simplemachines.org,383-887-6708,Indonesia,10a1a5ff-eb31-4eb1-887b-4d8e9313d27c
Jsandye,Burbidge,jburbidgeex@upenn.edu,543-322-0744,Portugal,20d27911-ec64-4008-976c-c32d3660b5cd
Trace,Riddich,triddichey@parallels.com,114-825-4794,Finland,b6a27f91-bd4c-4fae-86e9-df2684f4437a
Janine,Inkster,jinksterez@theguardian.com,307-651-5357,Macedonia,43360f41-c4e2-4b49-9442-6f0f4da59d89
Evered,Tweddle,etweddlef0@wufoo.com,577-275-4177,Poland,2d05ba33-bd96-47c2-a19d-a734aedd334e
Jay,Schwanden,jschwandenf1@plala.or.jp,328-825-7943,Greece,d16e8579-e32a-4d86-9b24-07d414a5cbcf
Giusto,Jozefiak,gjozefiakf2@ehow.com,638-621-1686,Canada,a6431125-f331-4442-9d7a-f2b7f1e950f1
Gian,Orchard,gorchardf3@facebook.com,918-947-2154,Indonesia,20d5cd45-0166-4418-bbd7-c75c04d3df14
Rozalin,Duetsche,rduetschef4@istockphoto.com,618-393-3548,China,407bbf14-4e68-4093-a60d-f3b575f669f2
Anetta,Westhofer,awesthoferf5@posterous.com,861-820-7015,Mongolia,e151d829-30ad-4e61-9e96-f262646812c9
Tyrone,Macourek,tmacourekf6@mail.ru,846-137-3878,Indonesia,2a2c85fe-1f94-4a8b-98ea-0b8ddc07f27f
Griffith,Burgon,gburgonf7@naver.com,310-914-7747,United States,776944ee-ca88-4812-b810-b9ad83e69f5b
Abra,Rapa,arapaf8@unesco.org,534-365-4382,Libya,15eb6668-d156-46ba-b93a-2a1ffdba034e
Deena,Mughal,dmughalf9@w3.org,883-866-2068,Poland,58f69e24-56c9-4575-ab97-ae4afe45d34c
Rene,Syversen,rsyversenfa@google.co.uk,605-768-1653,Vanuatu,6c675e5c-02da-4935-a6aa-57c8ddc5bb4f
Matthiew,Lantry,mlantryfb@kickstarter.com,438-656-1603,Indonesia,4d33240c-07c9-4b0c-83fb-67a36d380343
Brena,Bladge,bbladgefc@mac.com,819-420-0023,Indonesia,ec082a4e-50b9-490e-a0a4-8ca11dc5e7d3
Harlen,Dunston,hdunstonfd@chronoengine.com,788-747-2322,Portugal,c4b40f72-a3e5-4e19-9d35-303069d86cb4
Reinaldo,Gai,rgaife@telegraph.co.uk,356-507-7372,Latvia,dc1fc1fd-0664-4e6b-b5e8-4fda71772869
Pyotr,Balharrie,pbalharrieff@imdb.com,623-341-5480,Bulgaria,5f068f19-c01d-41f9-92ea-889e5c3a8a47
Sergeant,Laux,slauxfg@geocities.com,945-945-6605,China,5465037d-b761-4613-8b2a-b0bb1f677ad8
Allen,Pollack,apollackfh@goodreads.com,482-706-8292,Portugal,04ec7873-73e9-4855-a270-8eb5eebd3b85
Dolley,Erdis,derdisfi@alexa.com,475-512-7289,Mongolia,7fd7388c-5817-40e2-96d6-bde603c15079
Emmett,Bittlestone,ebittlestonefj@uol.com.br,499-760-9795,Madagascar,af228de0-7eaa-4a5e-88e7-c256061ea613
Patton,Claeskens,pclaeskensfk@state.tx.us,706-171-6274,Canada,7490fdc5-2791-41e8-8af0-7140af13d232
Talya,Gallone,tgallonefl@goodreads.com,788-558-3554,China,5456d97a-416d-4f28-8eb3-cf05d2c856a2
Sherline,Nacci,snaccifm@wordpress.org,869-798-4333,Greece,406498e8-5c65-4384-b760-10bebd2ea071
Obadiah,Tender,otenderfn@dell.com,909-641-7724,Japan,00b44005-d329-40e7-9dbe-131bc6a3aa8d
Jen,Coton,jcotonfo@prnewswire.com,975-650-3642,China,664298a1-5687-48b8-98d8-453641d356e2
Burg,Kennermann,bkennermannfp@bloglovin.com,960-864-8387,Portugal,0a3b7e04-4c57-4219-af62-82246b9c849f
Nicol,Orum,norumfq@nifty.com,960-585-5627,Peru,bb432b91-0e50-4267-8b8b-8a219b0d66a3
Dorolisa,Hew,dhewfr@dyndns.org,349-832-1246,China,e837be29-5b3b-4d2f-a3d4-6365c1a9b7e9
Marchelle,Bilton,mbiltonfs@java.com,483-236-2836,Indonesia,f2ab4388-784f-43dc-895a-cc82ae88e81d
Addy,Sandwith,asandwithft@tinypic.com,309-883-5052,Netherlands,9f2fa1bc-c3f9-4b28-8103-a2bc5edf85c6
Bendick,Newlands,bnewlandsfu@chronoengine.com,281-348-2385,United States,b8aed27a-af7e-4f3e-9905-972f65af0008
Curry,Lyddy,clyddyfv@i2i.jp,954-451-5581,Ukraine,79c9fb3d-5ead-46c7-8ba8-e2745f77c5aa
Page,Hrinishin,phrinishinfw@free.fr,971-436-2518,Indonesia,ded64ea7-e760-4ed3-8d70-912b1cc691f5
Corliss,Flamank,cflamankfx@walmart.com,114-991-5772,Portugal,47c14c8c-31b9-485c-bfe5-e1c39a55eca5
Osbourn,Rollings,orollingsfy@microsoft.com,706-663-0945,United States,cfd621a5-18a8-40db-8535-f461971bde79
Gae,Mapstone,gmapstonefz@com.com,935-971-9605,Czech Republic,9dcb6352-9029-4dd3-adcf-b3bdfcc7da24
Robyn,Billyard,rbillyardg0@a8.net,912-411-6492,Russia,ddbeab27-5c94-4cb0-8903-1fb9c047aec4
Bronny,Scoone,bscooneg1@blogspot.com,382-979-8185,Guinea-Bissau,a51e7a2a-ed77-4502-8f86-c465ab7823cc
Shawna,McNeillie,smcneillieg2@google.co.uk,317-268-7050,Philippines,8ba619a1-6d6b-4511-ab97-2d662f06a8a0
Judd,Symonds,jsymondsg3@boston.com,609-918-6301,China,82fd1b7b-f9e4-46b3-8165-29fa5f511f49
Katusha,Mulqueen,kmulqueeng4@slate.com,169-710-5001,Portugal,f54eff94-7477-4857-9be1-8440d2ad3ef9
Burt,Bewshea,bbewsheag5@woothemes.com,187-767-5992,Ukraine,a8f42521-35ca-4ec3-a7e4-e7af540744d4
Caitrin,Patise,cpatiseg6@slate.com,414-522-6859,China,986fb45d-4d67-43e8-a05f-bd51d2da62e8
Yoko,Ofener,yofenerg7@gnu.org,318-411-9612,China,b99397f0-932b-4a9f-b356-318fb4157d50
Quinn,Yearn,qyearng8@tripadvisor.com,475-913-1701,Poland,331daa84-38c8-4c74-8a23-1e49c6309c2d
Edlin,Hofton,ehoftong9@tinypic.com,441-857-3594,Indonesia,a69e89eb-2446-47c8-8dbf-cf3bed636531
Eula,Cuolahan,ecuolahanga@guardian.co.uk,309-272-7306,Brazil,1d353359-d5d1-4020-b781-f885be6d7208
Jarrad,Christian,jchristiangb@indiatimes.com,337-219-4205,Russia,e4ec8804-824f-4f80-86c1-875827a3e7ae
Patty,McGarrahan,pmcgarrahangc@miibeian.gov.cn,621-769-5192,Indonesia,8f670eb8-ece2-46f1-b561-66d6373f2c5c
Bartolomeo,Springtorp,bspringtorpgd@360.cn,132-333-2972,Peru,51045362-a78e-4605-8acb-75a365abd4d8
Wanda,Benthall,wbenthallge@va.gov,192-252-7234,China,3edbe6f9-935c-4b67-a46f-180fe1f10daa
Perl,Geindre,pgeindregf@google.com,584-879-9692,Argentina,171d0101-5559-42f8-922f-21601d5ab9fe
Sansone,Carlton,scarltongg@shinystat.com,469-721-9954,Israel,891734fb-e4de-4a41-8e72-32e8152b905e
Christan,Cruickshanks,ccruickshanksgh@wsj.com,918-275-6166,Philippines,06ee4467-ae0a-4990-85d5-197011e7c2a2
Rorke,Keough,rkeoughgi@wix.com,254-874-1488,Germany,2dbfbdf4-10fd-4a99-86f2-0941865ff1f1
Sergei,Maytum,smaytumgj@skype.com,336-925-2380,Brazil,41a249c1-7967-4aa8-bc18-dad7dc4ba9a9
Britteny,Plues,bpluesgk@squarespace.com,447-605-7126,China,ae2e614c-9d09-4dbb-89f6-c8c1902be387
Car,Bilovsky,cbilovskygl@ucla.edu,384-505-9245,Philippines,f028722e-6927-4c3d-98f4-b0a92c954706
Opal,Gillions,ogillionsgm@businessinsider.com,314-379-6634,France,76c98bb0-35a9-4b8e-a06f-c5f342a24333
Cass,Glenny,cglennygn@sakura.ne.jp,245-739-8979,Sweden,63496c4b-f2b5-46a1-af06-1537c9ef77b2
Amber,Follos,afollosgo@technorati.com,985-717-7929,China,581dc252-0458-4e57-b84f-ba2fe6d5a2c7
Jacinthe,Warlton,jwarltongp@shutterfly.com,281-289-6742,China,2c95292c-768e-4929-bcca-b0797e1255bd
Del,McIllrick,dmcillrickgq@blogs.com,553-385-7141,Philippines,0468cc84-bbd8-45ba-9311-3cfca53cc794
Shannon,Harrad,sharradgr@baidu.com,141-296-9472,Japan,e01d36fb-2198-4072-b394-922228210429
Stephan,Maw,smawgs@ask.com,383-645-7725,Ukraine,1846e3ef-c9db-40c4-b417-9af2010455f1
Thebault,Gritton,tgrittongt@skype.com,328-887-2774,Poland,4d6b6316-3a8c-47f4-9ebf-8ca8de6be682
Joshia,Paulucci,jpauluccigu@amazon.co.uk,956-275-3527,China,b8478802-1e92-4248-abd7-f995b3ab0b66
Wallace,Hendrik,whendrikgv@livejournal.com,520-998-7566,South Africa,97ce2e25-3cd4-45a6-9770-67c5aa7c7d47
Mathew,Billion,mbilliongw@booking.com,252-666-7249,Indonesia,3bfc07fb-1347-4764-8d06-3b7eac9da33c
Mala,Flanaghan,mflanaghangx@theatlantic.com,139-147-9703,Mexico,9e003174-984c-4473-a8e5-9920ead9f0c1
Anny,Roxbee,aroxbeegy@loc.gov,732-987-2893,China,a7a7ac35-ddcf-4642-9f6d-04f3df56f555
Arte,Andreopolos,aandreopolosgz@dagondesign.com,687-698-2826,Bulgaria,632cc153-6376-46ba-9cc7-96ff19d40233
Massimiliano,Philliphs,mphilliphsh0@nature.com,311-152-7495,China,91ebc447-e648-430c-981a-f3a35dce3de6
Theodora,Gerhold,tgerholdh1@soundcloud.com,383-861-9768,China,96f3a620-267f-4917-a263-25a73d0dc68c
Prudy,Bahl,pbahlh2@army.mil,502-918-9396,China,622ef662-a0a2-49ed-ab61-ff0e02ab3df7
Stanford,Depke,sdepkeh3@mail.ru,313-228-2201,Afghanistan,76f3ca39-632b-443d-aaab-69d8d798a765
Lorianne,Vesco,lvescoh4@163.com,597-167-9851,Czech Republic,5cc48993-0ae3-43d4-b303-b5666179981d
Mozes,Gerrey,mgerreyh5@sfgate.com,450-789-1439,Brazil,c73ef141-386b-4f2e-8417-5dfd69f6ec2a
Rosemonde,Durante,rduranteh6@ovh.net,267-429-7097,Indonesia,c124e8f6-8441-463b-a10c-39b543cc8c20
Ram,Gelly,rgellyh7@noaa.gov,304-694-2769,Ukraine,8c658ea9-a61b-44a0-9db2-3b5ecd88d071
Mayne,Utteridge,mutteridgeh8@nydailynews.com,320-351-4957,Bolivia,1535286a-eb53-4a59-8ec5-2b2535ea2233
Gregorio,Chantrell,gchantrellh9@cpanel.net,777-110-8026,China,097bd7b0-3abb-4e01-9309-fa53b18a5fc1
Shelly,Riggey,sriggeyha@pagesperso-orange.fr,448-216-4892,South Korea,9893bae3-a25d-4383-a2b1-9b6cd06c2dcb
Bert,Girardy,bgirardyhb@eepurl.com,688-946-3717,Russia,48efa5e9-6f9c-49a3-8fda-ea7c7e8bb819
Millicent,Pendell,mpendellhc@foxnews.com,359-999-1517,Argentina,2f0e7e1f-a316-4836-95dc-00fa928a9dc7
Nola,Collinwood,ncollinwoodhd@typepad.com,881-955-4087,Portugal,ff65cf89-94a0-48ad-a5b2-bc3f761cd00f
Rowan,Fillgate,rfillgatehe@tmall.com,636-401-8563,Mauritania,bd2d6acb-7806-4783-89cd-2999dc44bf6c
Walliw,Philippet,wphilippethf@constantcontact.com,249-955-2941,Saudi Arabia,5e3c55b7-ae8f-40ce-a92f-1dc53f55f91c
Francene,Ashdown,fashdownhg@illinois.edu,105-472-7373,Brazil,97ef61b5-e261-4526-9b25-8a77a142a823
Camilla,Esseby,cessebyhh@dyndns.org,917-704-4096,United States,0982f7d7-002e-4fde-b212-33f0d4f1c19d
Darryl,Cookman,dcookmanhi@washingtonpost.com,147-817-9088,Poland,5e1dd6bf-7686-408e-b989-94f721be6037
Kaitlyn,Petrolli,kpetrollihj@joomla.org,162-245-1299,Trinidad and Tobago,25e13705-c44a-46d4-aab1-558b22287352
Tatiania,Coady,tcoadyhk@mayoclinic.com,558-792-0985,Malaysia,05cdb54c-8645-4ce2-b822-928de169e74c
Lily,Heine,lheinehl@dedecms.com,414-788-5935,Japan,c72e5714-7b66-460b-ba89-244d80950be0
Julissa,Bordessa,jbordessahm@comsenz.com,280-743-1931,Thailand,6b27b790-9891-42dd-b6a7-a6428919feb0
Leia,Monteaux,lmonteauxhn@irs.gov,152-118-2263,Portugal,f4edf938-efba-45c3-909f-217f65d5ab11
Reena,Swansborough,rswansboroughho@google.com,639-773-0224,Zimbabwe,8b4ecb4b-ae15-4faa-b089-f3beb9835e30
Anneliese,Greenroad,agreenroadhp@lulu.com,397-240-4347,Greece,62f72017-fdeb-4e2f-8f84-32ccb0088dec
Cinnamon,Auty,cautyhq@xinhuanet.com,197-504-9832,Indonesia,a0cec481-3a3b-4a67-abca-0a7306e3c0a4
Torrance,Ever,teverhr@e-recht24.de,628-526-2447,Russia,d82ae3bd-db4c-40b4-9ce6-e40d1035c49f
Dodie,Hartup,dhartuphs@histats.com,482-729-1850,Nigeria,bb3c8148-ed3e-40e0-bb2a-e4823f3d55dd
Taryn,Aristide,taristideht@omniture.com,256-921-4232,Indonesia,b26f1e2b-d458-44f0-8db3-76fe485bdeb0
Natal,Kermath,nkermathhu@elegantthemes.com,867-775-3498,Belarus,75236b57-88a4-42fc-84ef-7131a9a8e3ed
Annabelle,Dawtrey,adawtreyhv@ucoz.com,162-585-4187,France,a3d40a36-4b86-464c-8a41-83f5b7023985
Lyndsay,Shalloe,lshalloehw@wp.com,592-480-6231,China,bd734381-a5c0-42a9-9c43-787871324b21
Sonya,Bridgens,sbridgenshx@g.co,802-535-3734,Finland,c1c13a10-9933-43ce-a476-84782c96b08d
Coleen,Chuney,cchuneyhy@mysql.com,298-195-4825,Ecuador,cae6d18e-aa21-4797-8b96-392a53dab7a6
Malchy,Bwy,mbwyhz@ocn.ne.jp,567-872-4401,Ivory Coast,6bb21ced-589e-47d8-8b0a-52fba974c424
Peggie,Alishoner,palishoneri0@ihg.com,722-589-6207,Philippines,f58ef742-8e43-4fe2-843c-dfbef98c9fd5
Erick,Gentil,egentili1@wikipedia.org,826-150-6235,Czech Republic,52439dd8-a6bc-47ea-8188-2304283c4432
Johny,Wallege,jwallegei2@fastcompany.com,125-461-5383,China,8bbdbdc2-2be2-40d2-bd7f-3677a13c4e67
Kylila,Domenichini,kdomenichinii3@bloomberg.com,310-168-0521,China,89b0d297-f5eb-408e-a5a7-a3fd603db6da
Garrek,Doumerque,gdoumerquei4@opensource.org,836-283-4372,Indonesia,61b9d870-a50c-4d42-85af-e84d176a4467
Sullivan,Peperell,speperelli5@amazon.com,854-537-6866,China,3e617110-493b-49c7-bb1f-04d291942f05
Atalanta,Audiss,aaudissi6@noaa.gov,848-760-8273,China,c96118cf-0943-4cc2-a2b5-58a69481b510
Lambert,Harold,lharoldi7@pagesperso-orange.fr,151-827-8390,Philippines,b69f0cc4-0231-429c-9c38-9b2e98ea46a8
Almire,Tapley,atapleyi8@imgur.com,461-304-8914,Czech Republic,1e44d98f-91cd-462e-9db0-7e32aaa78de5
Claudina,Le Fleming,cleflemingi9@homestead.com,815-547-0123,United States,523ade08-8894-49f7-a840-63eb2e4defaa
Keefe,Cowmeadow,kcowmeadowia@seattletimes.com,540-674-5342,China,47830e9f-5be5-47a9-9d1e-d14d09d89fd7
Clovis,Marney,cmarneyib@illinois.edu,271-242-6232,Australia,b449b497-9528-4d44-84ab-b8f9e4ff97c5
Walt,Goldis,wgoldisic@drupal.org,720-288-3204,Poland,acd91e6d-46bb-43b6-a6a7-fd3cfdbfa399
Esdras,Quinnette,equinnetteid@vkontakte.ru,946-214-3973,Philippines,f4a9adca-3e70-429a-9e65-2926aa06f32f
Ekaterina,Attrey,eattreyie@typepad.com,902-851-0211,Thailand,aa947863-9699-4159-82ae-3675d664e348
Aigneis,Godball,agodballif@reddit.com,620-120-6658,China,8d2e4c9b-51c9-453c-9804-c9f00c239a43
Ronnie,Pennoni,rpennoniig@hud.gov,750-861-9180,Brazil,6570e52a-ec31-4240-a416-d35b06f7efb5
Al,Boater,aboaterih@tinyurl.com,555-861-4066,Poland,1ade9036-625d-4764-8a97-def0009b04cc
Giff,Von Der Empten,gvonderemptenii@amazon.com,899-970-3888,China,d3298e3b-6061-4eab-80e4-9e0dffe777fa
Clementius,Boliver,cboliverij@blogger.com,838-386-3285,China,9bacebe8-2809-4ea7-955c-647150652e04
Maritsa,Boddie,mboddieik@bluehost.com,936-624-8304,Canada,b587a016-4d93-4bc6-a41b-6ac2c655fa3b
Flossi,Human,fhumanil@domainmarket.com,117-521-2090,Mexico,c06db665-524a-41d5-a14b-7ed00efa1fd1
Belia,Sabates,bsabatesim@imdb.com,970-978-3266,Thailand,8fbfefe3-a94b-464f-afef-8fed2993f3b3
Dorena,Ruddiforth,druddiforthin@ftc.gov,365-835-8186,Portugal,00e9e82a-0db9-4556-aa79-b2d2a167dbcc
Jackelyn,Rambaut,jrambautio@time.com,287-170-9788,Georgia,f717b15c-d374-4659-a5c0-627e8150409d
Mariska,Saffell,msaffellip@youku.com,429-551-7776,France,970b29e8-0cba-4ea2-aeb7-93662ebe47a1
Clair,Napton,cnaptoniq@tripadvisor.com,757-486-6254,Portugal,844a027b-9a47-4ec6-a72c-eaf52e3d8055
Rustin,Marcroft,rmarcroftir@opensource.org,291-849-5467,Poland,cc19ff7f-10ee-4207-b786-2f72fe2b17f5
Delbert,Leamon,dleamonis@squarespace.com,871-240-8266,Poland,c542b6ee-48db-4920-8972-afe44491ffd9
Cordell,Hofer,choferit@nps.gov,763-246-8845,Bangladesh,827861eb-3756-445f-bd65-0d5d67ceda8a
Kendell,Swindles,kswindlesiu@ihg.com,901-992-1341,Niger,1020e45a-28b5-41f6-8fcd-b90b6b6b9408
Ferrell,Cornelius,fcorneliusiv@msn.com,658-989-8616,China,278fcbcb-58c3-45e1-94b2-657e924eacf2
Kim,Bagnall,kbagnalliw@oracle.com,391-689-0093,Philippines,e387393d-c64a-473b-b138-bdefbb6ba77b
Cristian,Spuner,cspunerix@macromedia.com,114-481-2319,Russia,43a97fa8-452e-498c-bf40-8080b580feea
Keriann,Timlett,ktimlettiy@ed.gov,514-635-6840,Kyrgyzstan,b170debd-8f91-451a-8057-7be990a71aa6
Maggie,Jewks,mjewksiz@nymag.com,318-934-8614,Palestinian Territory,45eed0fb-b6a7-4744-9f17-a502041624f9
Tisha,Eick,teickj0@unesco.org,777-248-6152,Philippines,5e1fc7c7-1142-4bdc-9284-f2c1c8a4b5d3
Sherrie,Vernazza,svernazzaj1@weibo.com,543-646-0757,Portugal,0f0572da-cd03-4a77-b1d5-24aff27a1806
Aggi,Candlin,acandlinj2@storify.com,158-248-4747,Argentina,6bfcb302-ed3c-4577-a793-e6c8eece8da6
Genevieve,Culmer,gculmerj3@youku.com,321-788-2914,China,2ac79723-fae0-4a84-b4b6-a1761a7d8026
Titus,Savin,tsavinj4@cam.ac.uk,851-655-1233,Vietnam,d1266881-1c8a-4651-a131-68004c190009
Hank,Hauch,hhauchj5@fotki.com,590-754-7838,Greece,c0174509-25f1-47dc-bf0f-e9b0874613de
Trixi,Hansill,thansillj6@msn.com,373-673-5568,Cuba,7f06545c-116b-4276-a1d0-b835c7a62969
Sarah,Arons,saronsj7@prweb.com,811-530-2194,Brazil,83008770-8eb6-433b-89b1-4a596e5cf4a0
Cris,Wicken,cwickenj8@adobe.com,251-688-9150,Philippines,a701621b-c47c-4a32-8e23-c53b5b80862e
Rosmunda,Klug,rklugj9@tmall.com,694-436-3056,China,a725dea1-b2a4-4e77-a466-baf89b12851d
Darrick,Danaher,ddanaherja@wix.com,700-519-5938,United Kingdom,16be8fe5-be5d-4730-a208-f71739b8a92d
Clotilda,Miliffe,cmiliffejb@wikia.com,999-155-4597,Latvia,91036d31-1ac7-4836-8957-7fa6d72dafa4
Sal,Vicent,svicentjc@ifeng.com,430-399-5361,Brazil,3c7e87c4-191f-4e88-af41-ecfa46036c60
Yank,Saville,ysavillejd@google.com.au,248-638-8591,Colombia,b9283828-3d32-475b-896b-5e81f5d0dddb
Jannelle,Girardy,jgirardyje@ameblo.jp,437-439-8715,Czech Republic,692f7be5-0816-45ff-ab9e-c05e91afdced
Ezechiel,Weben,ewebenjf@nifty.com,247-293-1188,France,1d66a217-f201-4071-a0df-296aec5d04f4
Cele,Spread,cspreadjg@canalblog.com,663-878-7045,Indonesia,27137651-488b-4136-afd2-0dc77d8f80f6
Boothe,Corrin,bcorrinjh@amazon.co.jp,453-759-4824,Argentina,196f949a-00eb-4076-a4e5-2a75eae92ac4
Mella,Ilott,milottji@google.nl,270-807-4708,China,8617770c-7d22-43cd-9f30-5b7714c907e2
Towny,Waterstone,twaterstonejj@is.gd,551-157-4795,Bolivia,2248bb90-fc5d-411c-aaee-75570dbab5bb
Eugenia,Bentinck,ebentinckjk@netscape.com,283-618-0540,Hungary,67634c51-c5db-4809-bf2f-e3ce95850f9a
Cherry,Gisby,cgisbyjl@ning.com,196-409-4487,Venezuela,b04f3fcc-5765-4986-97c2-267435d750a2
Mollee,Klimko,mklimkojm@noaa.gov,687-110-7730,Ecuador,8c47ee49-c4be-4f31-9f11-55529841e7c4
Elga,Cumine,ecuminejn@ca.gov,229-481-0772,Indonesia,f3a2a56f-ec4c-40ff-9680-846df0245926
Bertram,Cheer,bcheerjo@slideshare.net,524-201-3866,China,b085b198-e20d-4e8f-af27-f66299649b2d
Eldin,Delacroix,edelacroixjp@g.co,179-278-8461,China,08583667-69b6-4522-a996-88ae37323700
Giuseppe,Ginner,gginnerjq@sogou.com,730-464-7481,China,9001d45e-c978-470d-94c0-62258d185830
Kimbra,Oxtarby,koxtarbyjr@geocities.com,597-873-3630,Armenia,24501cec-eace-453b-aa17-b3cc32edfada
Bret,Jeakins,bjeakinsjs@themeforest.net,164-780-1382,Pakistan,2fbb1f4d-6984-45b8-891a-ab26307bb063
Phyllida,Sample,psamplejt@vk.com,867-899-2208,Czech Republic,1620d23c-9f9d-4e76-8bc3-eb99b8a58ac3
Lea,Vauter,lvauterju@ibm.com,745-851-9240,Poland,23c583b6-c206-4f49-aa98-dd62c55a62b8
Domeniga,Franceschi,dfranceschijv@phoca.cz,184-341-1653,Netherlands,5080dd18-875d-46a6-add4-009cf625273f
Ancell,Jewers,ajewersjw@ucla.edu,657-905-6074,Tajikistan,e3a1dfca-ef96-4a29-b78e-71f6d693aa1b
Cammie,Leaburn,cleaburnjx@infoseek.co.jp,535-302-0678,Zimbabwe,6fcbdc7a-91d7-4d88-8acc-2910f5d2bfde
Dag,Undrell,dundrelljy@netscape.com,855-176-3697,Russia,0794c203-f5be-4177-badb-7db53797b75f
Joya,Archbald,jarchbaldjz@scientificamerican.com,116-143-8034,Venezuela,4d8d6c67-f694-404c-9ea7-4d0a643bf55e
Darelle,Jedrzejczyk,djedrzejczykk0@chron.com,885-282-8920,Russia,b23b0440-8576-4ab9-92fb-a7a06d126a53
Car,Osbaldstone,cosbaldstonek1@reddit.com,829-275-1275,China,309a0782-d019-4a35-ab05-6aadc472e42c
Donnajean,Noon,dnoonk2@washington.edu,369-647-0363,Indonesia,49044ccf-b655-4c5f-a4d1-1417de654bd0
Brendin,Moran,bmorank3@squarespace.com,314-312-3908,Finland,e2628b96-79e0-4278-a646-df382f0305e5
Adelina,Trumble,atrumblek4@yelp.com,367-456-3176,Peru,a0853f92-0f8d-4c5d-890a-6f59b0b7251f
Dynah,MacLoughlin,dmacloughlink5@about.me,819-373-4255,Mozambique,6f56828b-a796-48a9-8648-9d7ff8f94875
Darryl,Sodeau,dsodeauk6@lulu.com,848-561-1205,Poland,39781f78-6e8f-4761-9f4e-73dd0a51575c
Cornelia,Hurran,churrank7@latimes.com,105-681-5703,Colombia,2f9d620d-f186-491d-95e6-4291d8fe3382
Minnaminnie,Normavell,mnormavellk8@jugem.jp,759-168-6681,Indonesia,a3e9ef1c-aedd-485d-b552-afbeff0ca0b5
Haroun,Whild,hwhildk9@nsw.gov.au,401-986-2482,South Africa,10763ad1-1d85-4b2a-9ef3-aedb08e1a9dc
Lemmie,Yitzhakof,lyitzhakofka@altervista.org,960-105-4181,French Polynesia,61359a80-28bf-407a-a631-a4082e4a3027
Doloritas,Arrigo,darrigokb@google.com.hk,642-164-4392,Philippines,e6de2e79-fb9a-4a1c-9391-97ca42877f90
Vernen,Foxton,vfoxtonkc@google.co.jp,703-622-5354,United States,42363d60-eda8-4cb5-b412-5498534914a0
Nelli,Nutton,nnuttonkd@elegantthemes.com,344-465-5242,Philippines,47ffa391-ee14-403a-83c8-a77f84f06381
Hobard,Raywood,hraywoodke@tripod.com,679-169-4070,Colombia,ddc6fbf2-37e1-435a-9d78-84b5a636fed2
Selina,Rumbold,srumboldkf@springer.com,560-617-6224,Portugal,b7cf8d2c-df0a-4a64-9b05-4642094db70b
Conway,Hastwell,chastwellkg@hexun.com,921-222-3308,China,bccdf24a-5db1-4c9a-8a9b-2c46d6aa9ccf
Bunni,Matchell,bmatchellkh@sciencedaily.com,809-426-7486,Ukraine,83a85502-a6f1-4476-86ec-f544e96e3d66
Niall,Hutt,nhuttki@cdbaby.com,751-993-9118,France,b6d18e09-739a-4beb-bc57-c9b48eb26dc8
Bink,Bussey,bbusseykj@bluehost.com,275-969-2012,China,f5a01bcf-1049-47f0-9b34-339515d657d3
Terra,Grimsditch,tgrimsditchkk@storify.com,324-902-5062,Russia,08e56f57-5bce-4688-96f4-58e7ac00ab81
Barbie,Whanstall,bwhanstallkl@flickr.com,424-330-1810,Afghanistan,58c0084f-c324-4dc3-a33a-5f068db85ad9
Terencio,Vorley,tvorleykm@imageshack.us,572-146-2699,Brazil,6c887ac8-8826-4366-8874-1f4eec86840c
Mata,Glanders,mglanderskn@twitpic.com,326-378-5054,Russia,a1d65513-ff11-4220-b921-6c21b52a11f6
Kimberlee,Jaegar,kjaegarko@patch.com,626-770-1613,Germany,cb42cfec-5171-4827-95e8-98e091e4394b
Daniele,Danilovich,ddanilovichkp@engadget.com,864-432-4077,France,22b8abd6-9ba6-48d2-acad-56f77eb9d8ae
Revkah,Uglow,ruglowkq@qq.com,617-872-9081,France,377183c3-e6ea-4fbd-af80-e997c2761efe
Joelynn,Kelleway,jkellewaykr@icio.us,344-933-6236,Chile,60be3880-5267-4d3c-8cd4-bbac987f5ffc
Rowen,Uzzell,ruzzellks@studiopress.com,171-481-3384,Philippines,5f6bff13-813a-4593-b0d8-e1883b1006a7
Marcellina,Balme,mbalmekt@people.com.cn,547-841-8346,France,f63e74b6-828c-4a7b-b1f8-5bd55ad5263a
Lura,Beddis,lbeddisku@noaa.gov,997-305-4310,Russia,856615f2-d89d-433a-9772-8ac5e1f5de23
Amara,Yezafovich,ayezafovichkv@mit.edu,766-631-9820,Gambia,2db2828e-3a6e-4420-9e8e-8c2610dfa246
Jorey,Gimblett,jgimblettkw@dion.ne.jp,557-981-2734,Ivory Coast,f65c439d-3e9e-4dac-a0c7-0459a2323672
Shelagh,Clew,sclewkx@nih.gov,727-876-6415,China,aae46a38-6299-4b02-95b2-dc1540faa53b
Madelene,Obispo,mobispoky@pinterest.com,162-168-1987,France,b1578ff8-78c6-4dce-bc65-32d4e0c01001
Enrika,Buckham,ebuckhamkz@indiegogo.com,275-173-8395,China,41f2dd78-7aa8-4d00-804c-b6a0aaaea798
Cosetta,Busson,cbussonl0@behance.net,764-718-1764,Madagascar,409598bf-43f8-4a49-9676-28590f0240fc
Emmie,Threadgall,ethreadgalll1@trellian.com,272-253-8129,France,0c78a5aa-b1cd-4a34-9764-fc820dc4bb47
Kip,Rattray,krattrayl2@sun.com,288-458-5810,Austria,0328d7e4-fb00-4032-81e5-1684e2bdfa1f
Marena,Bradane,mbradanel3@oakley.com,516-682-1754,Bosnia and Herzegovina,7290d426-d04a-48a9-8a76-2a4fbe717a85
Lainey,Dowdney,ldowdneyl4@amazon.co.uk,886-807-0681,Pakistan,ceb72ac9-1936-4a37-9cde-0ccb18c62aee
Bing,Steinhammer,bsteinhammerl5@apache.org,361-836-0868,United States,709aaa7a-51ef-4840-9180-029a74f42488
Tisha,Menear,tmenearl6@ebay.com,795-949-3806,Lithuania,b9618568-0735-42e4-83f3-951dc7393a09
Devora,Osband,dosbandl7@cocolog-nifty.com,546-468-6156,Thailand,febc8f0b-9ddd-4ae0-a5ad-e3aa8d9402c5
Vinni,Brakewell,vbrakewelll8@cdbaby.com,212-394-1756,Russia,498c175a-4db4-40fa-81a2-803bdd471d29
Coralie,Cornier,ccornierl9@jiathis.com,526-250-1687,Indonesia,a86388d7-f977-4d01-9a6b-ea0e036b263f
Maren,McGhie,mmcghiela@ow.ly,343-898-9155,Colombia,8e122e7e-72e5-4d11-80ec-688bf30564f2
Monika,Leake,mleakelb@pinterest.com,689-350-0616,Poland,a23dc8dd-bb03-43d3-9ac9-25e5942d57c5
Connor,Sangster,csangsterlc@redcross.org,391-539-6516,Indonesia,ef716dbb-53ce-4ad7-8d11-d477558df0c4
Adolphus,Gemmill,agemmillld@themeforest.net,294-677-3952,China,088f7ebd-165d-4ed0-b1db-712c515c89e4
Katha,Leworthy,kleworthyle@simplemachines.org,285-732-2962,Colombia,94e6ae61-6665-4178-a27e-05a70ad5443f
Randell,Garbutt,rgarbuttlf@hexun.com,905-710-8758,Sweden,68f85726-ad1d-47fa-a3c6-3b4645b4a83c
Kellsie,Crippen,kcrippenlg@hatena.ne.jp,349-233-9540,Mongolia,0e69f95c-5f79-400e-99c1-08f53cc86716
Onfre,Nornable,onornablelh@webeden.co.uk,836-642-3807,Afghanistan,88876164-35fb-4334-b61c-8e1c79442163
Ben,Panting,bpantingli@java.com,441-698-2377,Portugal,c55e8337-b3f6-438c-8487-fdc035d96b1d
Laney,Peasegood,lpeasegoodlj@boston.com,414-817-1010,Indonesia,b20e6100-6f4c-4a32-93b3-e6126d2c8c72
Perl,Jiggens,pjiggenslk@zimbio.com,583-601-4157,Kazakhstan,c51a41db-84fe-4ed1-8b7e-6a23318c3c69
Egor,Impy,eimpyll@fotki.com,308-258-5521,France,92f614dc-41ef-46fb-83d2-a726e1ea8617
Isabel,Hatherell,ihatherelllm@bbb.org,905-161-1334,China,e6761889-3fb4-4859-af9a-2599d9bbe7c8
Damien,Reams,dreamsln@netscape.com,616-459-7066,Philippines,2715dd93-c04f-41f4-b51d-5f6425fe26fc
Leonore,Meffin,lmeffinlo@disqus.com,846-467-1156,Sweden,2d6a1527-0be2-49ca-a72c-53ea39e7ea17
Cozmo,De Beneditti,cdebenedittilp@phoca.cz,398-994-1780,Russia,d53956f0-9eb5-48ec-86b1-ec5b018bfc69
Charlotta,MacAllister,cmacallisterlq@icio.us,827-900-6254,Portugal,c04704c3-125f-4edc-bc9f-377bafe6d9dd
Elene,Arkwright,earkwrightlr@uiuc.edu,937-806-3685,France,698f98c1-0791-4b68-80e9-0a89288a9532
Ernaline,Sandyfirth,esandyfirthls@tinyurl.com,204-314-2142,Serbia,2f7f56b7-8358-4260-bc95-15462ce35f62
Hilde,Wand,hwandlt@opera.com,712-860-5900,Malaysia,520f16c4-300e-423c-abed-9fd1669e9fea
Hurley,Rosenkranc,hrosenkranclu@imageshack.us,220-191-4508,Indonesia,5a1efa90-1d46-4998-a249-0cc2fc918d42
Sella,Holdren,sholdrenlv@skyrock.com,632-449-0814,China,d2a06ee9-14e4-41f9-b406-861a59026476
Hanna,Skully,hskullylw@google.com.au,100-198-5974,China,f88cd916-70fd-4717-baf1-5cab74df057d
Kaine,Petto,kpettolx@miibeian.gov.cn,688-217-2089,Philippines,c448b930-167d-4ee2-b88a-c9bcd9ce54a9
Deeanne,Brogan,dbroganly@mediafire.com,732-461-4027,Egypt,0ea3ac28-74fb-4c8b-926d-dc6f1213d86d
Korry,Woollacott,kwoollacottlz@time.com,183-762-0258,Argentina,b49829e7-b3da-4120-881e-84319cc7f605
Alistair,Rother,arotherm0@ebay.com,703-442-3716,El Salvador,f7c114d2-94f7-43df-8c42-81ec6b3b86f1
Benoit,Atwill,batwillm1@wikimedia.org,797-244-4033,Venezuela,c1f7b989-8e2a-47d2-bab5-f3d7188b6e45
Koo,Grishin,kgrishinm2@trellian.com,966-910-4859,China,48686d27-32aa-4f72-89e1-04d8cd48f839
Margaret,Monkleigh,mmonkleighm3@deviantart.com,357-809-0448,Sweden,7cddd51f-0f3c-4fca-8aad-6e13e9d2c262
Garrot,Biskupiak,gbiskupiakm4@ifeng.com,904-446-9928,China,a277d20c-6bbd-455d-b01d-aab3adfcf817
Tanitansy,Selwyn,tselwynm5@devhub.com,753-601-5035,Peru,70d56cb4-9f40-44c2-b7c3-5a7391fb8711
Otha,Careswell,ocareswellm6@webs.com,841-374-9358,Poland,8e45634b-420d-4bb8-9b04-687774dea61d
Aurelie,Monnoyer,amonnoyerm7@washington.edu,657-178-5027,Vietnam,ac878cca-8af3-4cee-8116-0948f2c87767
Jorge,MacElharge,jmacelhargem8@amazon.co.uk,780-308-1931,Portugal,691ad1e4-8091-4f1f-813a-b6083561464c
Sylas,Fontin,sfontinm9@sakura.ne.jp,809-966-1549,Zambia,7eb92576-7e7a-4dfe-9dd0-41ffd0656410
Davita,Monshall,dmonshallma@etsy.com,400-467-8361,Brazil,e7942937-ddd7-4cad-8605-bb42678ba310
Kacie,Calleja,kcallejamb@lycos.com,249-645-1880,Colombia,7e18e634-839b-4c9f-bf42-7e57edf13c45
Currie,De Mattia,cdemattiamc@163.com,728-323-3053,Netherlands,8401e5d1-1780-4dae-8cbf-ff23b25d6b4f
Saw,Gostage,sgostagemd@ed.gov,634-275-0781,South Korea,aca03d08-b488-4ce0-b90f-6dd347cd54cf
Rubetta,Halm,rhalmme@upenn.edu,287-409-1857,Poland,3c5fa749-1256-4a87-85d0-2ad275f7a7d3
Annette,Vanyarkin,avanyarkinmf@last.fm,966-168-2314,Palestinian Territory,f368510a-f279-4337-beb7-06f5c83b2372
Matty,Rathmell,mrathmellmg@bing.com,861-265-7754,Netherlands,289a4a1e-a10c-4a35-aee7-3ea0c957b990
Toddie,Linklet,tlinkletmh@arizona.edu,138-531-8583,Portugal,5d5801e2-5f04-497a-b71e-9ce0cdc1fe78
Venus,Burdett,vburdettmi@topsy.com,543-866-2209,Latvia,ceb604a2-977e-451f-8151-f2e4c27bdae7
Kerstin,Cowdery,kcowderymj@bloglovin.com,415-276-8526,Mongolia,748b2fa2-6fea-49e0-bc46-8775c4f46b22
Latisha,Olliar,lolliarmk@guardian.co.uk,477-303-7995,Azerbaijan,26cd51eb-980b-4270-b46a-8b2c740e27e3
Brooke,Race,braceml@dyndns.org,524-684-8939,Tanzania,d7a3010c-2805-411f-88ba-8a657e37c105
Whitman,Grebert,wgrebertmm@whitehouse.gov,905-223-1395,Russia,de0b1646-f92c-4242-b7fe-1ca63c73195b
Tiffany,Crayton,tcraytonmn@nhs.uk,530-901-0810,Brazil,5545e5b7-b0cd-4dba-be34-d0ecd2f29b55
Heinrik,Pinner,hpinnermo@deliciousdays.com,145-635-4777,Greece,cb04d069-deb9-4d5a-8130-68b2b3cab1aa
Riane,Hicklingbottom,rhicklingbottommp@yale.edu,370-444-1235,Argentina,588508ff-49ac-4634-82a2-9cb242a5063e
Alisun,MacShirie,amacshiriemq@youtu.be,202-319-8185,Croatia,481a4173-f2c8-4a3f-b5c3-5a7cfb66e9fc
Terrence,Dyott,tdyottmr@google.fr,173-996-1572,Mexico,d7bccb42-b84f-4652-9b94-d628b2cecd37
Karissa,MacPeake,kmacpeakems@imageshack.us,510-582-4182,Ghana,1cb3eeef-5cb0-49b4-9947-949dadcf8648
Kamillah,Lanigan,klaniganmt@miibeian.gov.cn,443-518-1037,China,c0cb4e83-5452-403e-9b47-59efae5d087c
Ursuline,Tuckey,utuckeymu@bizjournals.com,635-239-2362,Poland,b5a2e1d1-7fee-469b-9f1c-be43880d4c3b
Ynes,Scard,yscardmv@ca.gov,598-435-6130,Brazil,a3c83282-1195-471b-912b-6f25523bde17
Agnese,Scarman,ascarmanmw@topsy.com,491-854-5753,China,97cd54ad-9512-4897-a254-7e82df195709
Eddie,How to preserve,ehowtopreservemx@miibeian.gov.cn,839-460-3763,Senegal,c7d65eb2-c1d0-44b1-8733-b17e195e86ce
Baron,Chalker,bchalkermy@hostgator.com,894-780-2194,Philippines,cb2501d2-97ee-4747-b644-01467212657d
Perri,Brothwood,pbrothwoodmz@state.gov,639-348-7135,China,63cc6f97-b703-4c35-a4df-87200e556f39
Husein,Zimmer,hzimmern0@wikipedia.org,415-664-5769,China,f63e101e-53e2-495b-814e-67e6ac84c666
Cherin,Cockland,ccocklandn1@columbia.edu,970-527-6894,Russia,29ce3597-2184-4516-a31b-40a4e385fe4d
Banky,Massow,bmassown2@purevolume.com,794-908-3240,France,caa85c10-ae4a-42cb-838b-4965e71ef9d6
Kylynn,Fishly,kfishlyn3@irs.gov,839-171-5192,Indonesia,8eb1e0fc-4680-4367-857a-430744bd8cbb
Noella,Wogdon,nwogdonn4@t-online.de,527-944-5416,China,388ee57d-e951-4a58-9dcd-527c26344aff
Cristiano,Burns,cburnsn5@facebook.com,480-637-5341,Russia,5692bd4a-8b79-4375-bb20-635dc42bf6ee
Arvin,Ditts,adittsn6@so-net.ne.jp,884-351-6442,Brazil,4576c083-aeeb-49dd-8762-1beaf2fcc478
Rees,Lermouth,rlermouthn7@stumbleupon.com,928-961-3863,Peru,4ed4eb0d-5a0c-4e6a-a13c-1da662040498
Jasmina,McGooch,jmcgoochn8@sohu.com,257-538-5313,Ireland,e451836d-5c9f-42cd-b8de-bf58d28f0a03
Petey,Dragoe,pdragoen9@bandcamp.com,358-411-4648,China,b493ffcc-2b87-4776-a8e4-7ed4c6450b37
Ericha,Scurry,escurryna@google.it,573-256-5460,Peru,57c626a0-6b88-4e9c-b257-0616496553c3
Wake,Cleaveland,wcleavelandnb@reuters.com,255-604-2295,Ukraine,ebfddc29-efd8-4044-be30-a5fa642cf346
Rosanne,Louisot,rlouisotnc@shutterfly.com,117-597-6311,China,befe74cd-a64f-46d2-9ca6-a03386a07948
Goddard,Edens,gedensnd@oaic.gov.au,372-355-4960,Philippines,b71170a1-9ecf-4117-b6e9-5f05a7de2f85
Silvana,O'Quin,soquinne@dailymail.co.uk,327-864-1363,Israel,c7d570c0-406b-444e-a6f9-97083f386581
Orville,Billson,obillsonnf@marketwatch.com,610-949-1073,Canada,b6b29d93-c887-46db-a4b0-b3dc056b8ac8
Sharai,Tenaunt,stenauntng@vkontakte.ru,336-147-9430,Indonesia,160d0f7c-b5f2-4a90-b25b-8a8286edc5d3
Eddy,Peare,epearenh@state.tx.us,208-625-2513,Uruguay,f0d99781-0023-4fe1-ac0c-c4f365849cc3
Roy,Coo,rcooni@sciencedirect.com,961-154-9758,Poland,c7a972ab-e9f5-4888-a5d1-5700f2fd63d2
Garrek,Asche,gaschenj@cnbc.com,579-252-0279,China,efb590ec-8c8c-43af-ad20-aa6e3aac9e13
Ronica,Brownsword,rbrownswordnk@shop-pro.jp,669-873-3254,Colombia,ed168033-9735-4872-b647-b235a5f5e09b
Dixie,Gregoli,dgregolinl@patch.com,376-853-6377,Peru,1a749b62-8252-4174-bb57-62d4a177d17d
Dill,Feldmesser,dfeldmessernm@baidu.com,884-162-2502,Indonesia,b64b8031-c13f-493a-921b-70105fb59cb1
Shaun,Benitti,sbenittinn@eepurl.com,778-367-2465,Philippines,36f1a7be-5b64-45e0-b0c1-1900e13f5a17
Antone,McAw,amcawno@msn.com,668-256-7308,Indonesia,c858d230-4efd-4d10-b238-31cc6cffbe5b
Chrysler,Ruddom,cruddomnp@1und1.de,474-264-0929,China,5c96da64-a4fa-4636-b6f9-c57c57f164e0
Thorin,Ibbison,tibbisonnq@msn.com,988-131-7017,Portugal,951e86d1-a992-4872-99f8-d1bbbb37089b
Cristionna,Vassar,cvassarnr@cloudflare.com,263-186-3371,China,4011c0b1-ad90-49d9-80ee-8ba7c536e762
Gale,Clear,gclearns@canalblog.com,448-569-9516,Ireland,e29137f2-aacb-4761-93a5-cf59c1b26dc1
Teresa,MacCleay,tmaccleaynt@reverbnation.com,539-353-8944,China,8c604947-c642-48fc-9ffd-e4b307df6ee8
Estele,Drissell,edrissellnu@howstuffworks.com,680-356-8798,Norway,fc7d6707-8c5b-44fc-9d15-3c563fef44cd
Theressa,Dumpleton,tdumpletonnv@irs.gov,396-108-8087,China,332f2955-920e-4457-a9ec-fdc95b8e9c89
Kellby,A'field,kafieldnw@google.it,957-309-4795,Brazil,9671fb5f-171e-49b3-b03f-5fda016d93bf
Margery,Cree,mcreenx@unblog.fr,449-749-2595,Mongolia,24acaf7c-1593-4618-8864-e45752c7748d
Shannah,Lucien,slucienny@hexun.com,599-148-8039,Slovenia,e7d89bda-ddef-414a-9db3-de96b351c614
Hadria,O'Sesnane,hosesnanenz@forbes.com,940-534-8200,Chile,32cf7dc5-41a8-4ede-8e13-902bf0e1f13d
Leonora,Westman,lwestmano0@webnode.com,679-226-1167,China,b4f39817-b48a-4164-ada7-a472c6ce5fcb
Adaline,Batrip,abatripo1@naver.com,289-560-1040,China,83d54a22-ab52-43d5-8192-9ad58defe658
Berny,Cockshot,bcockshoto2@dot.gov,165-176-4561,Philippines,5316afc4-f860-4af5-a277-bf4922709c8b
Ancell,Buxcy,abuxcyo3@devhub.com,860-746-9675,China,abec8323-2c7c-40fb-8ec4-a606b253ab80
Pearla,Maple,pmapleo4@tumblr.com,193-771-7588,Tunisia,7e735c90-79c3-48ff-aa4c-83afa76823b7
Jobie,Vassall,jvassallo5@princeton.edu,130-596-4544,Argentina,c16eb530-cac8-4dbf-af0f-f0cef7523ad5
Blanche,Wignall,bwignallo6@usatoday.com,190-379-3745,Czech Republic,bcde2d54-e453-41f1-86f4-e91d94464262
Malorie,Evenett,mevenetto7@hostgator.com,773-100-6958,Brazil,32a50b48-004d-435a-afcf-cac620d9403e
Nero,Heineken,nheinekeno8@independent.co.uk,978-955-0566,Cameroon,448f9b08-d4bf-40a0-a7cd-2897db51fa35
Hagan,Scibsey,hscibseyo9@cisco.com,920-617-8010,China,d6706014-f66f-4b6d-8ddc-d79730478c29
Murray,MacBain,mmacbainoa@un.org,110-445-2414,China,d632c07b-66a9-4bb8-bacf-e96ee2fe634f
Enrika,Kirkbright,ekirkbrightob@dell.com,259-246-2128,Morocco,fb10d144-f460-4aa8-a54b-22500427d6c1
Roma,Thraves,rthravesoc@illinois.edu,255-881-4190,Guam,e774e042-a9a8-4de7-92ad-a699b3c98a30
Wallache,Humphris,whumphrisod@is.gd,234-105-3116,Japan,fde29d46-65bb-40cf-89f5-3335922966b6
Gigi,Dunbar,gdunbaroe@slate.com,864-395-5250,Finland,8a2d829d-f749-4fb9-a001-6f5edd65c8b9
Carmelle,Ramsay,cramsayof@e-recht24.de,991-507-5808,China,2613713b-efb0-4e48-a8b6-3d2ca0692aff
Allina,Mingardi,amingardiog@google.de,206-576-5010,Portugal,eb9c1d0b-456b-4a1d-b9f7-b039d041e330
Fairfax,Audsley,faudsleyoh@aol.com,570-513-2224,Ukraine,e668750a-1eec-46a3-bdba-0cb868d44a38
Christy,Shorter,cshorteroi@flavors.me,880-453-3620,Indonesia,76ef57f8-3c50-4f1e-ac73-dd8a1fc4772f
Lyndsay,Llewhellin,lllewhellinoj@examiner.com,943-727-6635,Argentina,7b9c185b-c220-473f-b073-1f5769849d30
Cilka,Dowding,cdowdingok@wikimedia.org,647-754-9212,Russia,63f82630-471e-43a6-9cb9-d7f7e16f9f37
Leena,Ambrosoni,lambrosoniol@deviantart.com,455-689-3214,Philippines,187a88e3-e022-4f57-b6ac-ff69899143f2
Hardy,Cutridge,hcutridgeom@wix.com,541-233-3717,China,69c7f8ce-1400-426c-9c53-5504b4ab2f13
Woodman,Haskew,whaskewon@ca.gov,802-846-6134,China,119a7bb8-5345-43bb-9b44-99cdce15ac58
Yelena,Seeman,yseemanoo@toplist.cz,575-510-9319,Pakistan,2e01b8eb-5cad-4402-8b11-a8a518818768
Cyndy,Macartney,cmacartneyop@macromedia.com,837-405-6760,China,b520c51a-e4e4-43e8-9e05-810fe4b5a52d
Tanya,Snowding,tsnowdingoq@wix.com,840-945-6417,Mexico,ae0b6e70-bdf3-419c-8da7-e2a260b834a8
Nana,Attwool,nattwoolor@princeton.edu,935-548-5873,Guatemala,d4ee60a2-f794-43ec-866d-da184b6e3396
Brad,Bremner,bbremneros@twitpic.com,408-415-0533,Philippines,50509436-a2d4-48f2-8906-ea3d94f634ca
Avictor,Hynam,ahynamot@bing.com,383-705-0173,China,6c484b61-a8c4-4235-87a3-da3a4df4a19d
Liva,Stillert,lstillertou@posterous.com,141-310-7599,Brazil,3bef6a66-7fc1-4239-a4e6-42859b247fed
Idette,Chasmoor,ichasmoorov@fotki.com,739-719-5777,Ukraine,86a4bdf1-1958-4603-b39e-35b51dcc6d5f
Nertie,Emblem,nemblemow@rediff.com,485-937-0423,Indonesia,dc822780-8b6a-4e69-8824-153a8f20f84d
Ola,Ratnage,oratnageox@ycombinator.com,201-654-6519,France,5eda9488-a617-43bc-b775-eb578e931578
Aylmer,Walkling,awalklingoy@cocolog-nifty.com,804-368-8237,China,4ee858d2-32fb-4d35-91da-e5251db0cf96
Von,Levins,vlevinsoz@ocn.ne.jp,800-544-7258,Indonesia,e153955b-37fd-4816-b104-48af2a08ab27
Forrester,Olphert,folphertp0@boston.com,663-778-1003,Indonesia,7ed6c32c-5813-4240-a75f-a66ad9311537
Garv,Whitehouse,gwhitehousep1@thetimes.co.uk,287-368-4207,China,8363f744-f8ef-4bf6-b98e-74d8e1294848
Bram,Cardwell,bcardwellp2@naver.com,992-690-7359,Sweden,5688ff1a-1497-43a7-a22b-4aaf0f44878b
Nappie,Whitford,nwhitfordp3@pen.io,896-831-3711,Philippines,f261e47b-b253-4e53-a4b6-b0a226594ffd
Hadria,Ludmann,hludmannp4@gov.uk,314-763-0026,United States,7f2872b4-f3c7-4336-8933-12c5a79ecd43
Frederigo,Camilio,fcamiliop5@yellowpages.com,678-284-1504,Hungary,299eac13-6952-41f8-b473-f8efc80f7817
Alexandros,Burnhams,aburnhamsp6@java.com,597-134-4384,Russia,d7050d57-fd61-487b-adbc-da14fdc816c3
Alleyn,Kimmince,akimmincep7@chronoengine.com,566-853-4261,Argentina,20776d86-1e81-4eba-83ce-3457a2980cac
Alejandro,Bogace,abogacep8@google.com.hk,480-159-1801,Russia,2c6738af-a6c5-4077-85e1-edded1ec65e4
Osmond,Pyzer,opyzerp9@imdb.com,911-344-7472,Ukraine,ddc8c334-49b9-48c4-b91e-3081b5df9cbf
Orion,Male,omalepa@uiuc.edu,668-937-1819,Peru,5877ef98-187a-48a3-87f5-ef8d0fc7f219
Marena,Fishley,mfishleypb@typepad.com,949-139-2627,United States,ef022a6b-80b7-4df1-a23e-3c2511454410
Wakefield,Griffoen,wgriffoenpc@springer.com,809-811-6075,Indonesia,e35da9f6-d4b3-4d0f-b125-d5e6d6b9c8e3
Richmound,Lagen,rlagenpd@slashdot.org,453-244-9847,Czech Republic,cc964989-59e6-473b-aaba-28945688b771
Steffi,Croker,scrokerpe@state.tx.us,261-383-8608,Indonesia,6fdaf3cd-2762-4536-a6fd-c51556d9c13a
Danny,Avrahamof,davrahamofpf@soundcloud.com,357-842-0248,China,1fd26b31-ed9d-47ce-a783-b22ac54d44c0
Faythe,Caccavella,fcaccavellapg@aboutads.info,377-605-7171,Honduras,e7481aea-cbc9-41b8-9640-6d5ab8e48c9e
Lara,Korbmaker,lkorbmakerph@mediafire.com,352-581-7950,Russia,0e0cf727-c7a8-489a-bc01-5916530cf1be
Sheryl,Arro,sarropi@redcross.org,480-962-7722,Morocco,29ac11f6-29f1-419e-a935-95d6996d4186
Natalya,Duffy,nduffypj@time.com,187-771-9976,Indonesia,3ea99cbf-718e-452a-8db2-56cb8d05faa6
Polly,Lewsam,plewsampk@freewebs.com,713-928-8454,Indonesia,ad9e603d-e7df-47d9-ab40-f85b708e8ea4
Trixie,Fulbrook,tfulbrookpl@domainmarket.com,848-535-8225,Indonesia,e1d7c00a-425a-4060-8934-b31554a321d5
Valli,Claussen,vclaussenpm@4shared.com,138-603-6680,Indonesia,e9280d02-5548-4525-96ce-97c49a71c8df
Betti,Garrard,bgarrardpn@salon.com,281-991-6484,Armenia,3a0e8739-8970-4e96-9b49-a652c62f2984
Jonah,Hartles,jhartlespo@paginegialle.it,522-238-7546,Ivory Coast,18e21d1e-8bb1-4ff5-9467-49bbe00e8ff7
Ron,MacNamee,rmacnameepp@angelfire.com,429-694-2072,France,5fd312ad-1c47-45b4-ae7e-5934e91ba764
Zea,Hartly,zhartlypq@google.ca,971-418-5908,China,fc81cf72-412e-46a6-94a5-eb3f2d79332f
Culver,Vedmore,cvedmorepr@upenn.edu,397-196-7171,South Africa,3af160ae-d3e7-41bc-aa92-318c9278ce0a
Eugenio,Roy,eroyps@youtube.com,142-995-8518,Philippines,500d7458-e8e1-4541-9bfc-cd4baf5d4868
Clark,Blakiston,cblakistonpt@chronoengine.com,284-787-8896,Philippines,d1793502-ca0f-4170-8347-5a866c0e0a77
Hubey,Vivers,hviverspu@imgur.com,793-247-3758,Russia,e84770ac-9fe7-4ce3-add9-07dd7ff24e1b
Malina,Fishly,mfishlypv@ihg.com,168-229-2713,Russia,3b60dcca-1a1f-415e-b1e8-c4c35fee2785
Krystle,Adlard,kadlardpw@oaic.gov.au,411-566-0559,Ireland,6f04d645-06a3-4d1d-a1a3-b31b2b825ae1
Claudetta,Jakubovics,cjakubovicspx@sogou.com,957-211-0108,Mexico,0275904d-c7f0-4184-a5f0-61a6f6ee6368
Timmie,Gouldeby,tgouldebypy@alibaba.com,229-836-4197,United States,86ed862e-e615-4508-9c8f-76e631e50770
Valentino,Di Matteo,vdimatteopz@ustream.tv,854-367-7083,Indonesia,a4d603b6-dde2-4a22-91ed-8685239a63ad
Marcellina,Champniss,mchampnissq0@hc360.com,689-822-2037,China,143236c5-b015-4d8e-80ee-e1b9547c0db1
Libbey,Thorndale,lthorndaleq1@bloglines.com,379-600-1519,China,d1f62641-8692-462c-8445-615bd139dddf
Caz,Foukx,cfoukxq2@constantcontact.com,479-587-8707,Portugal,0273a2e2-d882-4d71-8971-99b7205d2099
Kikelia,Averall,kaverallq3@tamu.edu,493-847-1751,Panama,f6fae55d-d7eb-443f-a20b-71a13050bfd7
Berty,Chewter,bchewterq4@soup.io,588-378-7315,China,88db5224-288a-4396-bf26-8af0ee845b84
Maxi,Savil,msavilq5@answers.com,593-567-5144,Colombia,c2f7290f-4cf3-45d4-815b-610e0a6f1a2f
Garland,Dubois,gduboisq6@dmoz.org,934-629-9318,Greece,0cdcc970-60fb-429e-ab40-25826bd75e1a
Stacy,Lucian,slucianq7@businesswire.com,646-313-9702,Philippines,6b420815-334a-447c-85c4-3b133e558a8c
Lindie,Corn,lcornq8@hud.gov,441-660-2815,Thailand,0c50119f-e5e1-4d73-b45c-5e6501cff24a
Hayyim,Melbourne,hmelbourneq9@dailymail.co.uk,526-307-1873,Philippines,9bc705d5-9d0e-4b64-8c41-c3ac71b0316c
Kandace,Percifull,kpercifullqa@netvibes.com,339-509-2497,China,222cedda-920d-49d0-b700-866ae7e222e2
Chandra,Oakey,coakeyqb@upenn.edu,529-290-2130,China,60846965-b65b-4b69-b6a3-cc1028251eaa
Crissy,Gaiter,cgaiterqc@huffingtonpost.com,430-191-2432,Senegal,08ddee5b-1abc-4077-afda-0d0fe2ab0785
Brian,Frichley,bfrichleyqd@list-manage.com,454-210-7344,Russia,890b887e-7972-4f8c-91e4-a582856acecd
Inessa,Halahan,ihalahanqe@dailymail.co.uk,289-723-0264,Vietnam,02a905cb-defd-4ee0-bc31-07847ef7ff42
Silas,Reggiani,sreggianiqf@sakura.ne.jp,203-719-3258,Russia,d3394d9a-b2ef-4c0b-902a-fc0df594f2bb
Asa,Dymond,adymondqg@hc360.com,119-867-2044,Denmark,1a0c10f6-049f-4c21-9193-5b1fe35684bc
Pavel,Saywell,psaywellqh@hhs.gov,168-328-2156,China,f7023d66-9689-446b-9706-6ea9ecb13da0
Any,Undrell,aundrellqi@ucla.edu,769-509-4926,Philippines,5235ace7-2f7c-45ed-bcf5-a6f522e2e9b0
Jerry,Tie,jtieqj@techcrunch.com,238-328-7576,South Africa,02e428b2-6744-4b7e-aba2-9571d77a741e
Frankie,Wisbey,fwisbeyqk@hatena.ne.jp,638-451-5501,Russia,279eda1d-9ecd-485d-8270-4b6cea3c9443
Chaddie,Neylon,cneylonql@businesswire.com,613-321-2896,Finland,8858bba6-6b8a-4098-a674-991a3e84f67e
Ernesto,Taffs,etaffsqm@amazonaws.com,770-716-3708,Sweden,1b5bcf48-fbba-48a0-b440-ee6f89499602
Dannye,Karchewski,dkarchewskiqn@oakley.com,413-254-1462,China,7d72c358-d42e-43b5-9fda-5e4c87065b6b
Brandy,Axup,baxupqo@microsoft.com,410-267-7631,Liberia,ddc35871-93da-4378-b150-62dbae8e5bfe
Wolfgang,Jeppensen,wjeppensenqp@economist.com,807-256-8823,Uganda,c9f2956c-5b5f-4967-9562-b4af2b7ebc3d
Muffin,MacEvilly,mmacevillyqq@facebook.com,120-711-4761,Japan,9be029b4-3c0c-4a8f-b60a-f4a63485421f
Sibylla,Tomkys,stomkysqr@hibu.com,209-886-2812,China,6fb338c8-86c6-44d2-9a19-a73214e8376b
Clareta,Hirjak,chirjakqs@g.co,596-928-3231,Philippines,e91c2c1b-5322-43eb-8141-d4621ea75193
Thalia,Foort,tfoortqt@people.com.cn,207-631-2472,China,7eba72de-dc99-4c64-af3f-1c5d1060906b
Bellanca,Grant,bgrantqu@dion.ne.jp,483-720-9399,Vietnam,a130801c-ceb9-4832-b64f-e080ae222073
Matthias,Pietranek,mpietranekqv@fda.gov,639-576-2510,Thailand,3879e65c-3b4b-4e7f-9a01-63df7a988f1e
Vida,Greneham,vgrenehamqw@about.com,658-115-0625,Vietnam,e81054f0-99f2-41ac-bb01-48dac0d8f340
Tanny,Galbreath,tgalbreathqx@oracle.com,965-233-5122,Croatia,d1720b09-81fc-46b7-9efa-5b268bf8c1ee
Ealasaid,Wishkar,ewishkarqy@howstuffworks.com,392-720-8603,Egypt,2b850531-7a31-4122-ae73-c166ca0ca153
Angela,Brushneen,abrushneenqz@51.la,520-366-2840,Indonesia,236c6ec5-6d5f-49b8-b1b3-e4947bbc6b87
Francesco,Suscens,fsuscensr0@upenn.edu,432-592-6623,Portugal,cc9bec5b-b229-44bd-81e2-daf98b2c09a1
Garrard,Rigate,grigater1@nba.com,570-938-9003,Russia,20213071-b334-4348-b1c6-adafe4fcd607
Amalea,Crown,acrownr2@hhs.gov,453-644-1250,South Sudan,705b8b82-1a71-4db4-91a5-b116a04f0520
Alfredo,Redrup,aredrupr3@cbslocal.com,992-691-6953,Kenya,1d8ddbbd-c6a5-49cf-9fea-c8ec2a31107a
Almira,Paolozzi,apaolozzir4@google.co.jp,356-782-4194,Russia,035776f5-5d2b-4d31-b946-0fbdb53d2062
Mario,Ownsworth,mownsworthr5@i2i.jp,394-749-9959,Czech Republic,2ec186f2-d739-4f4c-888b-689c7090f2f6
Jabez,Fairlem,jfairlemr6@moonfruit.com,900-895-1077,Indonesia,10256485-3f71-47c3-87c7-9706391d33fc
Verge,Mearing,vmearingr7@zdnet.com,299-665-4844,Yemen,a7d45b31-21d8-486a-a73b-52ea23176863
Bernita,Dennert,bdennertr8@mac.com,292-538-2744,Morocco,f8b2a2f6-9d84-49cb-b4e9-df7cbb635d05
Arnaldo,Durnall,adurnallr9@squarespace.com,643-152-8146,Slovenia,0cc57398-63b7-4bb9-9d74-c83389debee8
Tan,Wiersma,twiersmara@umich.edu,655-336-0410,Indonesia,3dfb316f-1561-4827-af10-bd7c3721c39e
Alika,Markel,amarkelrb@netvibes.com,960-574-7594,Ukraine,f24093c8-9bc2-4532-978d-8aaa0dbcbfdc
Erna,Bobasch,ebobaschrc@ovh.net,563-616-6090,Philippines,50ba25c5-6b0a-4d33-a27c-4957a8df1f50
Tiphany,Dobbson,tdobbsonrd@1688.com,742-924-8851,Netherlands,d7ddccf9-7893-4ee6-a3d3-4098a08dc8e5
Deva,Fallon,dfallonre@dion.ne.jp,536-579-4250,France,6a1a9b2f-9574-4c1f-b221-dfbdc1ca01bc
Ambrosius,Luck,aluckrf@goo.gl,401-960-1755,China,0d6aef58-d53f-4772-9b51-f09b3dc10fb5
Jacklin,Salway,jsalwayrg@wunderground.com,199-135-3622,Brazil,2602a7cb-2fff-4283-b2fe-1cdcb1d6558e
Malvin,Coraini,mcorainirh@senate.gov,732-161-4572,Philippines,69b0b929-129c-4f77-9ec7-b5e7280e7ca7
Cyndia,Perfect,cperfectri@weibo.com,179-908-7143,Zambia,b6eddb46-1a56-464a-85b8-0b873938077c
Kiley,Galland,kgallandrj@unc.edu,259-349-4578,Egypt,0ce1590b-6ef0-42c2-880b-77bc8bcfaaf9
Cody,Halfhead,chalfheadrk@nba.com,845-912-8124,South Korea,2f78d183-b296-43e9-9de0-0f04a407ccf4
Flori,Ashenhurst,fashenhurstrl@google.ru,834-832-2309,Philippines,83c10949-ffd4-4761-887b-5aa42738ab61
Casey,Fullegar,cfullegarrm@bandcamp.com,787-365-8340,Indonesia,241da088-80ac-4c21-8b4b-b0cbe2e0fb80
Gerardo,Kirtley,gkirtleyrn@symantec.com,145-390-8287,Greece,cb4960c4-805a-44fe-ada8-5a846ef12264
Ossie,Tregent,otregentro@sbwire.com,185-116-6461,Ireland,a89ad8e2-94e1-4ddd-9456-743adba0795b
Tyne,Rosbottom,trosbottomrp@photobucket.com,921-258-7360,Russia,b7abdff9-57e5-4fa7-86f6-ae895b38f1c2
Edvard,Staker,estakerrq@rambler.ru,976-475-7700,Indonesia,d7d29b24-3bfb-4258-b509-7778ced4ab02
Binny,Bremley,bbremleyrr@irs.gov,856-343-7779,Haiti,1aa13e8a-32f6-4018-ab89-8ecf664f29e6
